timestamp,power_w
2025-11-30T21:00:21.738331,6
2025-11-30T21:00:31.752595,6.2
2025-11-30T21:00:41.786593,6.2
2025-11-30T21:00:51.821821,5.9
2025-11-30T21:00:59.301040,6.3
2025-11-30T21:01:01.753768,6.4
2025-11-30T21:01:11.889955,6
2025-11-30T21:01:21.822054,6.5
2025-11-30T21:01:22.000127,11.8
2025-11-30T21:01:22.989599,7.8
2025-11-30T21:01:27.050850,9.4
2025-11-30T21:01:27.059091,9.4
2025-11-30T21:01:27.997315,82.2
2025-11-30T21:01:28.993924,23.6
2025-11-30T21:01:28.998307,23.6
2025-11-30T21:01:29.980806,27.2
2025-11-30T21:01:31.733057,27.4
2025-11-30T21:01:34.015343,29.9
2025-11-30T21:01:34.981804,26.4
2025-11-30T21:01:38.009043,29.2
2025-11-30T21:01:38.981470,27.5
2025-11-30T21:01:41.890669,28.1
2025-11-30T21:01:45.075313,29.6
2025-11-30T21:01:46.845838,27.5
2025-11-30T21:01:47.831050,18.6
2025-11-30T21:01:47.837589,18.6
2025-11-30T21:01:48.802251,7.6
2025-11-30T21:01:49.803572,7
2025-11-30T21:01:52.554425,7.3
2025-11-30T21:01:52.803345,26.6
2025-11-30T21:01:53.833481,52.7
2025-11-30T21:01:53.838520,52.7
2025-11-30T21:01:54.799667,28.2
2025-11-30T21:01:55.803054,27.4
2025-11-30T21:01:56.799175,30.4
2025-11-30T21:01:57.800896,32.9
2025-11-30T21:02:00.016561,32.9
2025-11-30T21:02:00.799059,35
2025-11-30T21:02:01.799206,34.8
2025-11-30T21:02:02.553514,34.8
2025-11-30T21:02:11.903826,37.1
2025-11-30T21:02:12.554427,37.1
2025-11-30T21:02:12.798026,19.6
2025-11-30T21:02:13.813766,13.3
2025-11-30T21:02:13.818802,13.3
2025-11-30T21:02:17.945545,73
2025-11-30T21:02:17.954575,73
2025-11-30T21:02:18.800111,24.3
2025-11-30T21:02:19.812823,34.5
2025-11-30T21:02:19.819374,34.5
2025-11-30T21:02:22.651186,35
2025-11-30T21:02:22.803094,36.3
2025-11-30T21:02:23.803571,36.9
2025-11-30T21:02:24.812261,38.4
2025-11-30T21:02:32.596918,37.1
2025-11-30T21:02:32.810112,41.3
2025-11-30T21:02:34.809596,44.1
2025-11-30T21:02:35.822126,45.2
2025-11-30T21:02:37.826693,14.3
2025-11-30T21:02:37.831672,14.3
2025-11-30T21:02:38.819505,12.4
2025-11-30T21:02:42.631376,12.6
2025-11-30T21:02:42.814569,105.6
2025-11-30T21:02:43.825578,38.8
2025-11-30T21:02:43.832097,38.8
2025-11-30T21:02:44.852624,59.4
2025-11-30T21:02:45.820578,62
2025-11-30T21:02:47.853209,59.7
2025-11-30T21:02:48.818350,51.7
2025-11-30T21:02:49.827547,65
2025-11-30T21:02:49.832407,65
2025-11-30T21:02:51.829852,58
2025-11-30T21:02:51.835073,58
2025-11-30T21:02:52.567853,58
2025-11-30T21:02:52.815857,61.7
2025-11-30T21:02:55.849684,74.9
2025-11-30T21:02:55.893672,74.9
2025-11-30T21:02:56.815222,79.2
2025-11-30T21:02:57.830425,85.9
2025-11-30T21:02:57.858340,85.9
2025-11-30T21:02:58.816542,74.4
2025-11-30T21:02:59.831914,69.4
2025-11-30T21:02:59.840609,69.4
2025-11-30T21:03:00.029909,69.4
2025-11-30T21:03:00.819697,83.3
2025-11-30T21:03:01.817939,66.5
2025-11-30T21:03:02.570428,66.5
2025-11-30T21:03:02.822810,12.8
2025-11-30T21:03:03.818425,12.2
2025-11-30T21:03:07.930960,202.2
2025-11-30T21:03:07.935941,202.2
2025-11-30T21:03:08.815729,65.4
2025-11-30T21:03:09.832501,87
2025-11-30T21:03:09.857934,87
2025-11-30T21:03:10.818050,95.4
2025-11-30T21:03:11.829547,102.2
2025-11-30T21:03:11.873669,102.2
2025-11-30T21:03:12.568642,102.2
2025-11-30T21:03:12.817452,89.3
2025-11-30T21:03:13.827793,131.5
2025-11-30T21:03:13.838627,131.5
2025-11-30T21:03:14.817091,119.9
2025-11-30T21:03:15.818716,131.9
2025-11-30T21:03:17.827538,144.3
2025-11-30T21:03:17.832627,144.3
2025-11-30T21:03:19.827454,100.6
2025-11-30T21:03:19.833795,100.6
2025-11-30T21:03:20.822642,47.3
2025-11-30T21:03:21.829403,7
2025-11-30T21:03:21.837378,7
2025-11-30T21:03:22.564855,7
2025-11-30T21:03:26.876716,117.5
2025-11-30T21:03:27.829786,163.7
2025-11-30T21:03:27.835848,163.7
2025-11-30T21:03:28.825384,131.1
2025-11-30T21:03:29.831315,140.9
2025-11-30T21:03:29.839091,140.9
2025-11-30T21:03:30.821793,162
2025-11-30T21:03:31.825323,146.5
2025-11-30T21:03:32.569604,146.5
2025-11-30T21:03:32.819241,116.8
2025-11-30T21:03:33.857382,132.7
2025-11-30T21:03:33.901657,132.7
2025-11-30T21:03:34.816208,126.1
2025-11-30T21:03:35.832257,98
2025-11-30T21:03:35.841065,98
2025-11-30T21:03:36.825725,153.2
2025-11-30T21:03:37.869207,146.9
2025-11-30T21:03:38.817008,132.6
2025-11-30T21:03:39.828732,125.9
2025-11-30T21:03:39.833714,125.9
2025-11-30T21:03:40.824398,164.8
2025-11-30T21:03:41.821599,120.6
2025-11-30T21:03:42.573428,120.6
2025-11-30T21:03:43.816503,117.3
2025-11-30T21:03:44.815791,135.2
2025-11-30T21:03:45.833865,94.1
2025-11-30T21:03:45.839871,94.1
2025-11-30T21:03:46.815437,7.5
2025-11-30T21:03:47.816798,6.8
2025-11-30T21:03:51.864868,205.4
2025-11-30T21:03:51.870914,205.4
2025-11-30T21:03:52.572674,205.4
2025-11-30T21:03:52.820248,136
2025-11-30T21:03:53.820473,133.5
2025-11-30T21:03:54.884768,117.7
2025-11-30T21:03:55.818062,126.6
2025-11-30T21:03:56.819534,138.5
2025-11-30T21:03:57.819759,129.7
2025-11-30T21:03:58.868813,153
2025-11-30T21:03:59.819989,126.4
2025-11-30T21:04:00.030252,126.4
2025-11-30T21:04:00.823210,146
2025-11-30T21:04:01.832262,174.1
2025-11-30T21:04:01.860187,174.1
2025-11-30T21:04:02.575219,174.1
2025-11-30T21:04:02.831613,139.5
2025-11-30T21:04:03.858023,151.8
2025-11-30T21:04:03.864974,151.8
2025-11-30T21:04:05.882960,139.2
2025-11-30T21:04:05.889020,139.2
2025-11-30T21:04:06.819895,168.8
2025-11-30T21:04:07.868604,154.9
2025-11-30T21:04:07.874276,154.9
2025-11-30T21:04:08.830916,165.7
2025-11-30T21:04:09.820231,153.9
2025-11-30T21:04:10.818474,112.4
2025-11-30T21:04:11.860117,6.8
2025-11-30T21:04:11.867352,6.8
2025-11-30T21:04:12.570984,6.8
2025-11-30T21:04:16.077137,16.3
2025-11-30T21:04:16.083444,16.3
2025-11-30T21:04:16.856110,251.4
2025-11-30T21:04:17.830245,100.2
2025-11-30T21:04:17.835951,100.2
2025-11-30T21:04:18.823898,142.5
2025-11-30T21:04:19.867344,112.3
2025-11-30T21:04:19.876362,112.3
2025-11-30T21:04:20.815751,179.9
2025-11-30T21:04:21.828484,149.6
2025-11-30T21:04:21.833338,149.6
2025-11-30T21:04:22.574572,149.6
2025-11-30T21:04:22.815924,117.1
2025-11-30T21:04:23.835790,139.9
2025-11-30T21:04:23.877670,139.9
2025-11-30T21:04:24.815928,182.9
2025-11-30T21:04:25.815683,143.7
2025-11-30T21:04:26.815750,158.1
2025-11-30T21:04:27.835258,174.5
2025-11-30T21:04:27.840092,174.5
2025-11-30T21:04:28.821798,157.8
2025-11-30T21:04:29.816059,181.9
2025-11-30T21:04:30.816134,132.6
2025-11-30T21:04:31.831169,150.3
2025-11-30T21:04:31.838727,150.3
2025-11-30T21:04:32.577522,150.3
2025-11-30T21:04:34.875359,122.6
2025-11-30T21:04:35.828579,61.7
2025-11-30T21:04:35.833111,61.7
2025-11-30T21:04:36.817942,7
2025-11-30T21:04:37.816277,6.8
2025-11-30T21:04:40.941684,60.8
2025-11-30T21:04:41.831377,232.1
2025-11-30T21:04:41.836235,232.1
2025-11-30T21:04:42.571751,232.1
2025-11-30T21:04:42.814163,159.5
2025-11-30T21:04:43.831264,126.8
2025-11-30T21:04:43.837405,126.8
2025-11-30T21:04:44.814660,162.4
2025-11-30T21:04:45.814438,121.8
2025-11-30T21:04:46.814369,156.2
2025-11-30T21:04:47.828756,108
2025-11-30T21:04:47.833340,108
2025-11-30T21:04:48.816284,164.2
2025-11-30T21:04:49.832000,131.3
2025-11-30T21:04:49.838874,131.3
2025-11-30T21:04:50.815431,148.8
2025-11-30T21:04:51.830869,118.7
2025-11-30T21:04:51.836139,118.7
2025-11-30T21:04:52.568907,118.7
2025-11-30T21:04:52.815649,139.2
2025-11-30T21:04:53.820743,145.9
2025-11-30T21:04:54.855917,153.3
2025-11-30T21:04:55.815196,157.9
2025-11-30T21:04:56.892520,133.9
2025-11-30T21:04:57.929331,135
2025-11-30T21:04:58.818966,119.9
2025-11-30T21:04:59.868885,159.7
2025-11-30T21:04:59.875557,159.7
2025-11-30T21:05:00.031173,159.7
2025-11-30T21:05:00.814863,24.5
2025-11-30T21:05:01.837055,6.7
2025-11-30T21:05:01.843364,6.7
2025-11-30T21:05:02.569393,6.7
2025-11-30T21:05:05.902662,102.3
2025-11-30T21:05:05.914892,102.3
2025-11-30T21:05:06.815896,189.8
2025-11-30T21:05:07.831284,144.4
2025-11-30T21:05:07.842776,144.4
2025-11-30T21:05:08.817420,119.5
2025-11-30T21:05:09.828732,177.4
2025-11-30T21:05:09.835719,177.4
2025-11-30T21:05:10.817485,155.5
2025-11-30T21:05:11.831220,129.6
2025-11-30T21:05:11.836882,129.6
2025-11-30T21:05:12.568390,129.6
2025-11-30T21:05:12.814145,160.2
2025-11-30T21:05:13.816602,155.8
2025-11-30T21:05:15.835227,187.2
2025-11-30T21:05:15.841623,187.2
2025-11-30T21:05:16.813497,137.5
2025-11-30T21:05:17.827575,153.8
2025-11-30T21:05:17.835740,153.8
2025-11-30T21:05:20.852663,180.3
2025-11-30T21:05:21.813480,164.6
2025-11-30T21:05:22.568856,164.6
2025-11-30T21:05:23.827731,137.6
2025-11-30T21:05:23.835466,137.6
2025-11-30T21:05:24.812973,112.6
2025-11-30T21:05:25.826086,13.9
2025-11-30T21:05:25.831703,13.9
2025-11-30T21:05:27.814318,13.2
2025-11-30T21:05:29.815650,12.4
2025-11-30T21:05:30.816398,181.1
2025-11-30T21:05:31.829631,135.5
2025-11-30T21:05:31.835091,135.5
2025-11-30T21:05:32.572895,135.5
2025-11-30T21:05:33.826623,145
2025-11-30T21:05:33.834463,145
2025-11-30T21:05:34.814958,164.8
2025-11-30T21:05:35.828221,129.5
2025-11-30T21:05:35.833472,129.5
2025-11-30T21:05:36.817577,154.8
2025-11-30T21:05:37.829637,141
2025-11-30T21:05:37.838538,141
2025-11-30T21:05:38.812194,151.7
2025-11-30T21:05:39.829572,128.1
2025-11-30T21:05:39.836886,128.1
2025-11-30T21:05:40.813869,151.3
2025-11-30T21:05:41.812495,147.5
2025-11-30T21:05:42.568737,147.5
2025-11-30T21:05:42.812993,126.1
2025-11-30T21:05:43.813481,144.8
2025-11-30T21:05:44.815543,162.9
2025-11-30T21:05:45.813933,140.3
2025-11-30T21:05:46.818651,129.6
2025-11-30T21:05:47.814111,154.3
2025-11-30T21:05:48.813593,113.1
2025-11-30T21:05:49.820760,113.2
2025-11-30T21:05:50.815359,7.8
2025-11-30T21:05:51.813430,7
2025-11-30T21:05:52.567381,7
2025-11-30T21:05:52.816546,6.3
2025-11-30T21:05:53.817849,7.4
2025-11-30T21:05:55.826457,241.9
2025-11-30T21:05:55.832187,241.9
2025-11-30T21:05:56.814845,104.4
2025-11-30T21:05:57.830360,184.4
2025-11-30T21:05:57.836050,184.4
2025-11-30T21:05:58.813773,123.3
2025-11-30T21:05:59.830602,137.7
2025-11-30T21:05:59.836202,137.7
2025-11-30T21:06:00.029965,137.7
2025-11-30T21:06:01.829016,152.4
2025-11-30T21:06:01.833484,152.4
2025-11-30T21:06:02.569663,152.4
2025-11-30T21:06:02.817166,168.3
2025-11-30T21:06:03.825405,130.3
2025-11-30T21:06:03.829807,130.3
2025-11-30T21:06:04.813510,157.4
2025-11-30T21:06:05.820298,150.8
2025-11-30T21:06:06.856313,133.5
2025-11-30T21:06:07.851622,167
2025-11-30T21:06:07.893757,167
2025-11-30T21:06:08.815365,157.1
2025-11-30T21:06:09.829341,134.1
2025-11-30T21:06:09.835963,134.1
2025-11-30T21:06:10.833911,153.1
2025-11-30T21:06:11.840415,121.7
2025-11-30T21:06:11.848137,121.7
2025-11-30T21:06:12.641845,121.7
2025-11-30T21:06:12.815470,182.8
2025-11-30T21:06:13.816814,120.4
2025-11-30T21:06:14.817813,79
2025-11-30T21:06:15.843878,6.6
2025-11-30T21:06:15.866391,6.6
2025-11-30T21:06:19.842577,24.2
2025-11-30T21:06:19.849614,24.2
2025-11-30T21:06:20.821653,270.4
2025-11-30T21:06:21.829424,73.9
2025-11-30T21:06:21.834588,73.9
2025-11-30T21:06:22.572404,73.9
2025-11-30T21:06:22.822525,124.7
2025-11-30T21:06:23.817464,130.1
2025-11-30T21:06:24.815309,143.1
2025-11-30T21:06:25.829882,162.8
2025-11-30T21:06:25.835674,162.8
2025-11-30T21:06:26.818376,153.8
2025-11-30T21:06:27.831645,118.2
2025-11-30T21:06:27.838456,118.2
2025-11-30T21:06:28.817998,173
2025-11-30T21:06:29.818155,173.4
2025-11-30T21:06:30.816583,132.9
2025-11-30T21:06:31.833968,196.8
2025-11-30T21:06:31.839704,196.8
2025-11-30T21:06:32.573565,196.8
2025-11-30T21:06:32.817081,157.6
2025-11-30T21:06:33.832143,166.5
2025-11-30T21:06:33.836975,166.5
2025-11-30T21:06:34.819853,120.3
2025-11-30T21:06:35.820720,170.3
2025-11-30T21:06:36.816290,140.2
2025-11-30T21:06:37.830840,155
2025-11-30T21:06:37.836550,155
2025-11-30T21:06:38.818762,137.7
2025-11-30T21:06:39.832676,68.9
2025-11-30T21:06:39.838334,68.9
2025-11-30T21:06:40.851973,6.9
2025-11-30T21:06:41.854938,6.8
2025-11-30T21:06:42.574599,6.8
2025-11-30T21:06:44.822394,61.2
2025-11-30T21:06:45.839168,216.7
2025-11-30T21:06:45.845177,216.7
2025-11-30T21:06:46.850032,197.5
2025-11-30T21:06:47.832670,123.7
2025-11-30T21:06:47.839028,123.7
2025-11-30T21:06:48.821570,116.5
2025-11-30T21:06:49.848670,154
2025-11-30T21:06:49.854222,154
2025-11-30T21:06:50.821730,166.1
2025-11-30T21:06:51.831829,184.3
2025-11-30T21:06:51.837403,184.3
2025-11-30T21:06:52.573450,184.3
2025-11-30T21:06:52.849595,144.9
2025-11-30T21:06:53.818423,141
2025-11-30T21:06:54.818728,110.6
2025-11-30T21:06:55.846674,164.4
2025-11-30T21:06:55.851380,164.4
2025-11-30T21:06:56.821320,130.7
2025-11-30T21:06:57.822998,162.7
2025-11-30T21:06:59.836694,120.6
2025-11-30T21:06:59.842383,120.6
2025-11-30T21:07:00.049357,120.6
2025-11-30T21:07:00.820702,152.4
2025-11-30T21:07:01.855251,138.5
2025-11-30T21:07:01.861274,138.5
2025-11-30T21:07:02.574254,138.5
2025-11-30T21:07:02.818603,159.5
2025-11-30T21:07:03.821118,160.1
2025-11-30T21:07:04.851426,17.1
2025-11-30T21:07:05.832511,6.7
2025-11-30T21:07:05.877706,6.7
2025-11-30T21:07:09.952255,107.8
2025-11-30T21:07:09.960322,107.8
2025-11-30T21:07:10.860246,191.2
2025-11-30T21:07:11.819290,186.7
2025-11-30T21:07:12.573277,186.7
2025-11-30T21:07:12.821496,112.3
2025-11-30T21:07:13.855048,189.8
2025-11-30T21:07:14.824856,169.6
2025-11-30T21:07:15.836851,151.5
2025-11-30T21:07:15.848836,151.5
2025-11-30T21:07:16.858972,174
2025-11-30T21:07:17.820450,148
2025-11-30T21:07:18.825656,163.5
2025-11-30T21:07:19.856848,130.4
2025-11-30T21:07:19.867961,130.4
2025-11-30T21:07:20.819589,203.3
2025-11-30T21:07:21.822161,125.6
2025-11-30T21:07:22.574714,125.6
2025-11-30T21:07:23.833629,170.1
2025-11-30T21:07:23.839985,170.1
2025-11-30T21:07:24.821421,107.3
2025-11-30T21:07:25.854029,147
2025-11-30T21:07:25.861606,147
2025-11-30T21:07:27.841052,164.9
2025-11-30T21:07:27.885696,164.9
2025-11-30T21:07:28.853866,129.1
2025-11-30T21:07:29.833446,7.9
2025-11-30T21:07:29.840325,7.9
2025-11-30T21:07:32.643885,6.9
2025-11-30T21:07:34.853936,170.6
2025-11-30T21:07:35.835329,136.7
2025-11-30T21:07:35.843440,136.7
2025-11-30T21:07:36.825032,166.2
2025-11-30T21:07:37.866320,154.3
2025-11-30T21:07:37.874888,154.3
2025-11-30T21:07:38.821644,143
2025-11-30T21:07:39.837543,184.8
2025-11-30T21:07:39.843773,184.8
2025-11-30T21:07:40.852241,129.4
2025-11-30T21:07:41.834413,175.1
2025-11-30T21:07:41.840545,175.1
2025-11-30T21:07:42.580767,175.1
2025-11-30T21:07:42.821003,151.9
2025-11-30T21:07:43.855491,174.2
2025-11-30T21:07:44.828296,109.4
2025-11-30T21:07:45.832867,126.9
2025-11-30T21:07:45.839057,126.9
2025-11-30T21:07:46.858971,146.3
2025-11-30T21:07:47.839518,138.9
2025-11-30T21:07:47.845914,138.9
2025-11-30T21:07:48.825424,149.4
2025-11-30T21:07:49.855628,200.6
2025-11-30T21:07:49.866715,200.6
2025-11-30T21:07:50.820456,132.7
2025-11-30T21:07:51.835338,151.9
2025-11-30T21:07:51.841606,151.9
2025-11-30T21:07:52.573621,151.9
2025-11-30T21:07:53.826843,126.6
2025-11-30T21:07:54.821361,7
2025-11-30T21:07:55.850817,7
2025-11-30T21:07:58.865887,12.8
2025-11-30T21:07:59.842093,270.9
2025-11-30T21:07:59.848508,270.9
2025-11-30T21:08:00.057436,270.9
2025-11-30T21:08:00.820961,86.7
2025-11-30T21:08:01.856102,193.6
2025-11-30T21:08:01.862313,193.6
2025-11-30T21:08:02.572408,193.6
2025-11-30T21:08:02.818092,127.8
2025-11-30T21:08:03.831081,137.5
2025-11-30T21:08:03.837756,137.5
2025-11-30T21:08:06.852585,172.4
2025-11-30T21:08:07.851629,179.6
2025-11-30T21:08:08.820314,160.4
2025-11-30T21:08:09.832446,139.9
2025-11-30T21:08:09.837528,139.9
2025-11-30T21:08:10.873654,206.5
2025-11-30T21:08:11.836631,127.8
2025-11-30T21:08:11.844826,127.8
2025-11-30T21:08:12.572383,127.8
2025-11-30T21:08:12.818899,144.5
2025-11-30T21:08:13.895977,147.4
2025-11-30T21:08:15.840849,134.6
2025-11-30T21:08:15.885667,134.6
2025-11-30T21:08:16.850085,125.4
2025-11-30T21:08:17.833319,155
2025-11-30T21:08:17.838352,155
2025-11-30T21:08:18.822167,62.6
2025-11-30T21:08:19.871848,7.1
2025-11-30T21:08:19.876877,7.1
2025-11-30T21:08:22.616113,7
2025-11-30T21:08:23.830809,39.7
2025-11-30T21:08:23.836471,39.7
2025-11-30T21:08:24.817769,248.7
2025-11-30T21:08:25.845519,145.9
2025-11-30T21:08:25.850503,145.9
2025-11-30T21:08:26.866856,174.3
2025-11-30T21:08:27.868508,191.6
2025-11-30T21:08:27.874582,191.6
2025-11-30T21:08:29.837917,163.3
2025-11-30T21:08:29.844180,163.3
2025-11-30T21:08:30.820963,128.7
2025-11-30T21:08:31.836291,152.4
2025-11-30T21:08:31.843016,152.4
2025-11-30T21:08:32.572232,152.4
2025-11-30T21:08:33.863708,171.3
2025-11-30T21:08:33.869877,171.3
2025-11-30T21:08:35.843280,136.8
2025-11-30T21:08:35.849498,136.8
2025-11-30T21:08:36.817275,129.6
2025-11-30T21:08:38.819061,146.7
2025-11-30T21:08:39.836297,123
2025-11-30T21:08:39.842528,123
2025-11-30T21:08:40.818921,171.2
2025-11-30T21:08:41.830449,145.3
2025-11-30T21:08:41.835432,145.3
2025-11-30T21:08:42.583047,145.3
2025-11-30T21:08:42.817705,174.7
2025-11-30T21:08:43.832209,50.4
2025-11-30T21:08:43.837438,50.4
2025-11-30T21:08:44.816669,7.2
2025-11-30T21:08:45.853482,7
2025-11-30T21:08:48.850750,83.7
2025-11-30T21:08:49.829734,225.3
2025-11-30T21:08:49.834984,225.3
2025-11-30T21:08:50.816613,149.3
2025-11-30T21:08:51.872260,165.9
2025-11-30T21:08:51.877687,165.9
2025-11-30T21:08:52.571740,165.9
2025-11-30T21:08:52.820196,181.7
2025-11-30T21:08:53.832438,152.5
2025-11-30T21:08:53.837665,152.5
2025-11-30T21:08:55.835535,166.2
2025-11-30T21:08:55.841706,166.2
2025-11-30T21:08:56.822256,178
2025-11-30T21:08:57.857672,151.9
2025-11-30T21:08:57.863374,151.9
2025-11-30T21:08:59.830097,175.6
2025-11-30T21:08:59.835366,175.6
2025-11-30T21:09:00.030293,175.6
2025-11-30T21:09:00.852963,137.6
2025-11-30T21:09:01.831308,146.7
2025-11-30T21:09:01.841818,146.7
2025-11-30T21:09:02.572422,146.7
2025-11-30T21:09:02.817030,193.5
2025-11-30T21:09:03.858802,174.8
2025-11-30T21:09:03.863753,174.8
2025-11-30T21:09:04.818776,144.3
2025-11-30T21:09:05.816663,174.4
2025-11-30T21:09:08.817901,10.6
2025-11-30T21:09:09.858774,7
2025-11-30T21:09:09.868716,7
2025-11-30T21:09:12.571652,6.8
2025-11-30T21:09:13.831669,138.2
2025-11-30T21:09:13.838737,138.2
2025-11-30T21:09:14.820929,181.5
2025-11-30T21:09:15.851902,191.2
2025-11-30T21:09:15.859295,191.2
2025-11-30T21:09:16.815998,119.7
2025-11-30T21:09:17.819386,119.3
2025-11-30T21:09:18.852333,156.8
2025-11-30T21:09:19.828766,131.6
2025-11-30T21:09:19.834658,131.6
2025-11-30T21:09:20.815636,188.4
2025-11-30T21:09:21.854482,164
2025-11-30T21:09:21.861177,164
2025-11-30T21:09:22.569870,164
2025-11-30T21:09:22.826839,185.9
2025-11-30T21:09:23.842982,162.5
2025-11-30T21:09:25.837320,181.6
2025-11-30T21:09:25.843050,181.6
2025-11-30T21:09:26.816952,134.3
2025-11-30T21:09:27.828503,160.4
2025-11-30T21:09:27.833571,160.4
2025-11-30T21:09:29.830443,174.5
2025-11-30T21:09:29.835585,174.5
2025-11-30T21:09:32.659127,177.6
2025-11-30T21:09:32.815026,126
2025-11-30T21:09:33.828958,7.1
2025-11-30T21:09:33.833986,7.1
2025-11-30T21:09:38.912970,214.3
2025-11-30T21:09:39.834937,157.1
2025-11-30T21:09:39.840083,157.1
2025-11-30T21:09:41.827733,191.5
2025-11-30T21:09:41.832743,191.5
2025-11-30T21:09:42.598612,191.5
2025-11-30T21:09:42.815242,159.6
2025-11-30T21:09:43.818404,191.8
2025-11-30T21:09:44.814611,175.7
2025-11-30T21:09:45.817000,188.7
2025-11-30T21:09:46.816252,211
2025-11-30T21:09:47.830619,159.6
2025-11-30T21:09:47.835643,159.6
2025-11-30T21:09:48.815637,183.9
2025-11-30T21:09:49.878043,194.3
2025-11-30T21:09:49.883148,194.3
2025-11-30T21:09:50.816372,164.9
2025-11-30T21:09:51.829910,151.2
2025-11-30T21:09:51.836494,151.2
2025-11-30T21:09:52.570433,151.2
2025-11-30T21:09:52.814216,124.2
2025-11-30T21:09:53.814292,121.2
2025-11-30T21:09:54.816657,130.9
2025-11-30T21:09:55.842122,133.2
2025-11-30T21:09:56.819459,168.1
2025-11-30T21:09:57.827190,95.4
2025-11-30T21:09:57.832744,95.4
2025-11-30T21:09:58.810778,6.8
2025-11-30T21:09:59.928391,6.7
2025-11-30T21:10:00.102039,6.7
2025-11-30T21:10:02.570926,7
2025-11-30T21:10:02.815827,20.5
2025-11-30T21:10:03.829332,252.3
2025-11-30T21:10:03.837610,252.3
2025-11-30T21:10:04.827609,134.6
2025-11-30T21:10:05.835533,150.1
2025-11-30T21:10:05.846374,150.1
2025-11-30T21:10:06.817334,174.7
2025-11-30T21:10:07.815120,145.6
2025-11-30T21:10:08.816610,160.3
2025-11-30T21:10:09.828397,199.8
2025-11-30T21:10:09.837755,199.8
2025-11-30T21:10:10.815286,172.9
2025-11-30T21:10:11.828457,153.7
2025-11-30T21:10:11.873679,153.7
2025-11-30T21:10:12.568148,153.7
2025-11-30T21:10:12.827940,102.2
2025-11-30T21:10:13.829443,213.8
2025-11-30T21:10:13.836004,213.8
2025-11-30T21:10:14.818495,115.6
2025-11-30T21:10:15.815237,117.9
2025-11-30T21:10:16.815423,166.3
2025-11-30T21:10:17.815251,123.4
2025-11-30T21:10:18.813072,180.4
2025-11-30T21:10:19.814856,118.4
2025-11-30T21:10:20.812463,177.1
2025-11-30T21:10:21.827436,131
2025-11-30T21:10:21.836409,131
2025-11-30T21:10:22.568646,131
2025-11-30T21:10:22.812781,56.1
2025-11-30T21:10:23.826298,18.5
2025-11-30T21:10:23.831825,18.5
2025-11-30T21:10:24.811938,31.5
2025-11-30T21:10:25.817168,32
2025-11-30T21:10:32.660722,32.6
2025-11-30T21:10:42.591645,33
2025-11-30T21:10:52.626288,32.7
2025-11-30T21:10:58.876392,34.7
2025-11-30T21:10:59.828755,38.7
2025-11-30T21:10:59.837169,38.7
2025-11-30T21:11:00.018316,38.7
2025-11-30T21:11:02.658327,37.9
2025-11-30T21:11:02.802398,31.7
2025-11-30T21:11:03.817580,20.7
2025-11-30T21:11:03.822710,20.7
2025-11-30T21:11:04.806918,7.1
2025-11-30T21:11:05.806438,7.1
2025-11-30T21:11:12.896651,7.5
2025-11-30T21:11:13.858272,12.1
2025-11-30T21:11:13.867644,12.1
2025-11-30T21:11:14.816471,26.6
2025-11-30T21:11:15.801904,27
2025-11-30T21:11:17.812503,28.8
2025-11-30T21:11:18.800117,30.2
2025-11-30T21:11:19.813964,27.1
2025-11-30T21:11:19.819086,27.1
2025-11-30T21:11:20.801364,7
2025-11-30T21:11:21.802713,7
2025-11-30T21:11:22.554476,7
2025-11-30T21:11:31.848244,14.1
2025-11-30T21:11:31.858590,14.1
2025-11-30T21:11:32.553735,14.1
2025-11-30T21:11:32.796855,36
2025-11-30T21:11:33.811784,24.8
2025-11-30T21:11:33.818548,24.8
2025-11-30T21:11:34.804059,6.9
2025-11-30T21:11:35.821449,6.5
2025-11-30T21:11:42.690716,7
2025-11-30T21:11:43.832866,14
2025-11-30T21:11:43.877759,14
2025-11-30T21:11:44.806566,34.8
2025-11-30T21:11:45.810392,25.3
2025-11-30T21:11:45.836103,25.3
2025-11-30T21:11:46.810130,7
2025-11-30T21:11:47.797644,7.2
2025-11-30T21:11:52.621705,7
2025-11-30T21:11:52.793195,104.4
2025-11-30T21:11:53.806274,87.7
2025-11-30T21:11:53.811468,87.7
2025-11-30T21:11:54.793567,123.7
2025-11-30T21:11:55.795592,120.4
2025-11-30T21:11:56.797404,106.2
2025-11-30T21:11:57.806496,36.7
2025-11-30T21:11:57.811752,36.7
2025-11-30T21:11:59.810893,13.9
2025-11-30T21:11:59.816037,13.9
2025-11-30T21:12:00.008009,13.9
2025-11-30T21:12:00.795912,6.8
2025-11-30T21:12:01.795847,7
2025-11-30T21:12:02.545405,7
2025-11-30T21:12:03.822429,41.3
2025-11-30T21:12:03.832633,41.3
2025-11-30T21:12:04.793133,168.2
2025-11-30T21:12:05.805563,78.4
2025-11-30T21:12:05.849665,78.4
2025-11-30T21:12:06.791958,85.2
2025-11-30T21:12:07.805667,104.5
2025-11-30T21:12:07.814857,104.5
2025-11-30T21:12:08.791419,87.4
2025-11-30T21:12:09.803776,47.4
2025-11-30T21:12:09.808792,47.4
2025-11-30T21:12:10.790452,38.8
2025-11-30T21:12:11.807194,7.2
2025-11-30T21:12:11.813943,7.2
2025-11-30T21:12:12.577526,7.2
2025-11-30T21:12:13.804804,31.3
2025-11-30T21:12:13.815034,31.3
2025-11-30T21:12:14.790547,182.6
2025-11-30T21:12:15.817688,76.1
2025-11-30T21:12:15.822823,76.1
2025-11-30T21:12:16.796128,118.8
2025-11-30T21:12:17.805491,83.7
2025-11-30T21:12:17.811799,83.7
2025-11-30T21:12:18.815370,99.4
2025-11-30T21:12:19.802299,57.3
2025-11-30T21:12:19.808111,57.3
2025-11-30T21:12:20.790890,49.6
2025-11-30T21:12:21.819555,39.4
2025-11-30T21:12:21.861653,39.4
2025-11-30T21:12:22.544551,39.4
2025-11-30T21:12:23.805083,31.9
2025-11-30T21:12:23.810140,31.9
2025-11-30T21:12:24.822748,83.3
2025-11-30T21:12:25.802830,40
2025-11-30T21:12:25.809886,40
2025-11-30T21:12:26.788143,34.1
2025-11-30T21:12:27.814958,31.1
2025-11-30T21:12:27.820266,31.1
2025-11-30T21:12:29.788553,29.1
2025-11-30T21:12:30.817816,25.3
2025-11-30T21:12:31.825512,7.1
2025-11-30T21:12:31.835907,7.1
2025-11-30T21:12:32.543295,7.1
2025-11-30T21:12:34.788895,36.1
2025-11-30T21:12:35.842261,159.8
2025-11-30T21:12:35.848252,159.8
2025-11-30T21:12:36.788624,84.7
2025-11-30T21:12:37.825926,103.1
2025-11-30T21:12:37.832163,103.1
2025-11-30T21:12:38.788756,96.8
2025-11-30T21:12:39.803201,88.5
2025-11-30T21:12:39.809494,88.5
2025-11-30T21:12:40.787907,48.3
2025-11-30T21:12:41.801664,42.1
2025-11-30T21:12:41.811898,42.1
2025-11-30T21:12:42.541716,42.1
2025-11-30T21:12:42.830778,39.7
2025-11-30T21:12:43.800265,31.2
2025-11-30T21:12:43.841675,31.2
2025-11-30T21:12:44.794301,40.5
2025-11-30T21:12:45.801003,77.5
2025-11-30T21:12:45.806080,77.5
2025-11-30T21:12:46.793174,19.3
2025-11-30T21:12:47.798781,23.4
2025-11-30T21:12:47.806467,23.4
2025-11-30T21:12:48.784872,25.6
2025-11-30T21:12:49.797923,27.1
2025-11-30T21:12:49.803016,27.1
2025-11-30T21:12:51.801762,20.6
2025-11-30T21:12:51.810188,20.6
2025-11-30T21:12:52.539522,20.6
2025-11-30T21:12:52.786170,7.1
2025-11-30T21:12:53.786886,6.9
2025-11-30T21:12:55.833473,115.2
2025-11-30T21:12:55.838669,115.2
2025-11-30T21:12:56.786001,101.6
2025-11-30T21:12:57.798052,77.8
2025-11-30T21:12:57.804721,77.8
2025-11-30T21:12:58.785104,105.1
2025-11-30T21:12:59.802583,72.4
2025-11-30T21:12:59.845655,72.4
2025-11-30T21:13:00.031324,72.4
2025-11-30T21:13:01.832226,53.7
2025-11-30T21:13:01.838566,53.7
2025-11-30T21:13:02.536952,53.7
2025-11-30T21:13:02.782645,37.3
2025-11-30T21:13:03.810101,34.4
2025-11-30T21:13:03.815114,34.4
2025-11-30T21:13:04.787399,31.5
2025-11-30T21:13:05.798073,34
2025-11-30T21:13:05.804611,34
2025-11-30T21:13:06.785335,90.1
2025-11-30T21:13:07.847528,17.3
2025-11-30T21:13:07.852518,17.3
2025-11-30T21:13:08.783251,22.6
2025-11-30T21:13:09.796100,25.6
2025-11-30T21:13:09.802381,25.6
2025-11-30T21:13:11.784426,27.6
2025-11-30T21:13:12.538091,27.6
2025-11-30T21:13:12.781742,44.6
2025-11-30T21:13:13.830350,66.7
2025-11-30T21:13:13.837596,66.7
2025-11-30T21:13:14.783500,73.2
2025-11-30T21:13:15.798108,78.6
2025-11-30T21:13:15.807264,78.6
2025-11-30T21:13:16.786870,83.1
2025-11-30T21:13:17.794719,88.3
2025-11-30T21:13:17.799742,88.3
2025-11-30T21:13:18.782358,103.7
2025-11-30T21:13:19.782229,107.4
2025-11-30T21:13:20.785746,75.9
2025-11-30T21:13:21.793095,55.4
2025-11-30T21:13:21.803808,55.4
2025-11-30T21:13:22.535136,55.4
2025-11-30T21:13:22.783755,45.5
2025-11-30T21:13:23.782523,50.2
2025-11-30T21:13:24.784857,66.6
2025-11-30T21:13:25.806584,65.8
2025-11-30T21:13:26.782135,58.6
2025-11-30T21:13:27.787145,56.7
2025-11-30T21:13:32.657691,57.9
2025-11-30T21:13:42.589359,57.7
2025-11-30T21:13:42.789141,43.8
2025-11-30T21:13:43.791505,29
2025-11-30T21:13:43.833667,29
2025-11-30T21:13:44.778453,34.4
2025-11-30T21:13:45.792832,36.9
2025-11-30T21:13:45.797897,36.9
2025-11-30T21:13:46.782259,38.8
2025-11-30T21:13:47.791562,41
2025-11-30T21:13:47.796760,41
2025-11-30T21:13:52.533636,41.8
2025-11-30T21:14:00.003103,41.7
2025-11-30T21:14:01.789785,54.6
2025-11-30T21:14:01.796593,54.6
2025-11-30T21:14:02.531323,54.6
2025-11-30T21:14:02.777409,185.4
2025-11-30T21:14:03.792384,298.6
2025-11-30T21:14:03.799535,298.6
2025-11-30T21:14:04.777348,389.9
2025-11-30T21:14:05.789399,432.1
2025-11-30T21:14:05.794878,432.1
2025-11-30T21:14:06.783333,387.8
2025-11-30T21:14:07.790765,339.7
2025-11-30T21:14:07.796721,339.7
2025-11-30T21:14:08.779600,301.1
2025-11-30T21:14:09.788625,262.8
2025-11-30T21:14:09.799247,262.8
2025-11-30T21:14:10.775893,212.5
2025-11-30T21:14:11.816379,181.1
2025-11-30T21:14:11.824941,181.1
2025-11-30T21:14:12.530992,181.1
2025-11-30T21:14:12.777500,154.4
2025-11-30T21:14:13.790292,133.2
2025-11-30T21:14:13.795179,133.2
2025-11-30T21:14:14.775446,121.3
2025-11-30T21:14:15.792125,114.9
2025-11-30T21:14:15.797165,114.9
2025-11-30T21:14:16.776710,104.3
2025-11-30T21:14:17.775640,100.1
2025-11-30T21:14:18.774825,97
2025-11-30T21:14:19.789191,91.2
2025-11-30T21:14:19.794113,91.2
2025-11-30T21:14:21.775109,85
2025-11-30T21:14:22.545659,85
2025-11-30T21:14:22.777045,71.5
2025-11-30T21:14:23.787879,65.1
2025-11-30T21:14:23.792803,65.1
2025-11-30T21:14:25.794118,59.9
2025-11-30T21:14:25.805999,59.9
2025-11-30T21:14:26.776654,66.7
2025-11-30T21:14:27.790358,78.5
2025-11-30T21:14:27.796816,78.5
2025-11-30T21:14:28.779404,23.6
2025-11-30T21:14:29.777130,23.7
2025-11-30T21:14:32.558475,23.4
2025-11-30T21:14:32.776918,16.4
2025-11-30T21:14:33.811252,15.7
2025-11-30T21:14:34.774808,20
2025-11-30T21:14:35.787512,40.4
2025-11-30T21:14:35.793613,40.4
2025-11-30T21:14:42.593320,40.4
2025-11-30T21:14:47.820492,88.6
2025-11-30T21:14:47.825618,88.6
2025-11-30T21:14:48.772552,224.8
2025-11-30T21:14:49.787182,306.9
2025-11-30T21:14:49.795064,306.9
2025-11-30T21:14:51.785724,279.3
2025-11-30T21:14:51.790970,279.3
2025-11-30T21:14:52.541879,279.3
2025-11-30T21:14:53.787425,244.9
2025-11-30T21:14:53.793022,244.9
2025-11-30T21:14:55.785479,229.1
2025-11-30T21:14:55.797422,229.1
2025-11-30T21:14:56.770835,213.5
2025-11-30T21:14:57.771084,212
2025-11-30T21:14:59.987145,209.7
2025-11-30T21:15:00.776597,202.3
2025-11-30T21:15:01.772291,199.6
2025-11-30T21:15:02.545791,199.6
2025-11-30T21:15:09.835201,212.7
2025-11-30T21:15:09.840383,212.7
2025-11-30T21:15:11.785605,198.8
2025-11-30T21:15:11.790652,198.8
2025-11-30T21:15:12.532145,198.8
2025-11-30T21:15:12.772775,7.5
2025-11-30T21:15:13.810063,6.9
2025-11-30T21:15:17.823881,15.2
2025-11-30T21:15:17.828881,15.2
2025-11-30T21:15:18.772197,26.6
2025-11-30T21:15:19.805443,25.3
2025-11-30T21:15:20.770349,22.3
2025-11-30T21:15:22.526304,22.5
2025-11-30T21:15:26.834383,12.7
2025-11-30T21:15:27.782767,11.4
2025-11-30T21:15:27.787901,11.4
2025-11-30T21:15:28.772666,13.1
2025-11-30T21:15:32.562217,13
2025-11-30T21:15:32.799390,107.7
2025-11-30T21:15:33.817100,30.8
2025-11-30T21:15:33.823608,30.8
2025-11-30T21:15:34.819639,47.2
2025-11-30T21:15:35.784548,49.1
2025-11-30T21:15:37.820845,50.7
2025-11-30T21:15:37.827808,50.7
2025-11-30T21:15:38.779734,41.7
2025-11-30T21:15:39.786224,44.8
2025-11-30T21:15:39.792678,44.8
2025-11-30T21:15:40.817784,42.2
2025-11-30T21:15:41.787853,53.2
2025-11-30T21:15:41.829669,53.2
2025-11-30T21:15:42.543720,53.2
2025-11-30T21:15:43.785203,56.8
2025-11-30T21:15:46.804180,53.8
2025-11-30T21:15:48.766527,57.9
2025-11-30T21:15:49.773967,53.2
2025-11-30T21:15:50.769938,59.1
2025-11-30T21:15:51.780592,45.7
2025-11-30T21:15:51.785555,45.7
2025-11-30T21:15:52.528321,45.7
2025-11-30T21:15:52.765883,7.7
2025-11-30T21:15:53.771316,6.7
2025-11-30T21:15:56.938866,10.5
2025-11-30T21:15:57.784037,102.5
2025-11-30T21:15:57.825675,102.5
2025-11-30T21:15:58.771330,41.3
2025-11-30T21:15:59.786270,55.8
2025-11-30T21:15:59.798128,55.8
2025-11-30T21:15:59.980133,55.8
2025-11-30T21:16:02.563089,57.5
2025-11-30T21:16:04.767513,60.5
2025-11-30T21:16:05.768291,59.8
2025-11-30T21:16:08.849488,56.7
2025-11-30T21:16:09.764711,55.4
2025-11-30T21:16:10.767738,63.8
2025-11-30T21:16:11.765989,60.9
2025-11-30T21:16:12.518782,60.9
2025-11-30T21:16:12.766038,67.7
2025-11-30T21:16:13.765884,64.4
2025-11-30T21:16:14.767657,63
2025-11-30T21:16:16.769393,46.5
2025-11-30T21:16:17.778702,13.1
2025-11-30T21:16:17.787843,13.1
2025-11-30T21:16:21.821790,16.3
2025-11-30T21:16:21.829939,16.3
2025-11-30T21:16:22.517114,16.3
2025-11-30T21:16:22.780204,156.4
2025-11-30T21:16:23.780759,47.1
2025-11-30T21:16:23.787387,47.1
2025-11-30T21:16:24.763763,54.6
2025-11-30T21:16:25.780960,67
2025-11-30T21:16:25.787152,67
2025-11-30T21:16:28.888028,73.8
2025-11-30T21:16:29.776718,77.8
2025-11-30T21:16:29.784417,77.8
2025-11-30T21:16:31.784082,84
2025-11-30T21:16:31.793123,84
2025-11-30T21:16:32.518975,84
2025-11-30T21:16:32.768846,78.7
2025-11-30T21:16:33.778904,73.6
2025-11-30T21:16:33.789874,73.6
2025-11-30T21:16:34.818198,94.7
2025-11-30T21:16:35.768178,71.1
2025-11-30T21:16:36.768229,75.3
2025-11-30T21:16:37.836288,84.2
2025-11-30T21:16:37.842932,84.2
2025-11-30T21:16:39.777404,93.1
2025-11-30T21:16:39.784328,93.1
2025-11-30T21:16:40.764503,70.7
2025-11-30T21:16:41.781274,54.8
2025-11-30T21:16:41.825687,54.8
2025-11-30T21:16:42.516529,54.8
2025-11-30T21:16:42.779254,13
2025-11-30T21:16:43.765479,13.1
2025-11-30T21:16:46.804854,35.5
2025-11-30T21:16:47.782085,198.8
2025-11-30T21:16:47.788872,198.8
2025-11-30T21:16:48.780680,60.6
2025-11-30T21:16:49.778037,97.3
2025-11-30T21:16:49.784169,97.3
2025-11-30T21:16:50.801450,89
2025-11-30T21:16:51.809648,96.8
2025-11-30T21:16:52.515124,96.8
2025-11-30T21:16:53.812390,109.9
2025-11-30T21:16:53.818825,109.9
2025-11-30T21:16:54.779079,119
2025-11-30T21:16:55.775584,97.6
2025-11-30T21:16:55.783626,97.6
2025-11-30T21:16:56.764402,103.4
2025-11-30T21:16:57.775968,136.9
2025-11-30T21:16:57.782745,136.9
2025-11-30T21:16:58.794331,113.1
2025-11-30T21:16:59.776979,145.1
2025-11-30T21:16:59.783093,145.1
2025-11-30T21:17:00.009898,145.1
2025-11-30T21:17:00.789340,100.2
2025-11-30T21:17:01.797734,96.7
2025-11-30T21:17:02.515731,96.7
2025-11-30T21:17:02.771990,94.3
2025-11-30T21:17:03.794846,124.6
2025-11-30T21:17:03.801352,124.6
2025-11-30T21:17:04.761763,135.5
2025-11-30T21:17:05.765202,126
2025-11-30T21:17:06.766547,39.7
2025-11-30T21:17:07.775838,13.1
2025-11-30T21:17:07.817661,13.1
2025-11-30T21:17:11.890950,95.1
2025-11-30T21:17:11.897205,95.1
2025-11-30T21:17:12.535899,95.1
2025-11-30T21:17:12.784100,254
2025-11-30T21:17:13.774404,96.9
2025-11-30T21:17:13.780908,96.9
2025-11-30T21:17:14.770657,109.1
2025-11-30T21:17:15.775837,122.1
2025-11-30T21:17:15.784320,122.1
2025-11-30T21:17:16.762316,152.3
2025-11-30T21:17:17.820791,145.7
2025-11-30T21:17:18.775075,133.3
2025-11-30T21:17:19.791765,162
2025-11-30T21:17:19.801960,162
2025-11-30T21:17:20.762891,135.1
2025-11-30T21:17:21.787189,152.2
2025-11-30T21:17:21.793338,152.2
2025-11-30T21:17:22.520462,152.2
2025-11-30T21:17:22.756658,45.7
2025-11-30T21:17:23.797365,6.9
2025-11-30T21:17:23.809722,6.9
2025-11-30T21:17:28.786104,142.6
2025-11-30T21:17:29.772037,192.4
2025-11-30T21:17:29.787435,192.4
2025-11-30T21:17:31.776149,135.3
2025-11-30T21:17:31.782380,135.3
2025-11-30T21:17:32.514387,135.3
2025-11-30T21:17:32.803051,172.1
2025-11-30T21:17:33.772100,211
2025-11-30T21:17:33.779830,211
2025-11-30T21:17:34.759457,183.3
2025-11-30T21:17:35.772693,192.1
2025-11-30T21:17:36.766451,196.6
2025-11-30T21:17:37.790646,154.6
2025-11-30T21:17:37.798055,154.6
2025-11-30T21:17:38.804140,205
2025-11-30T21:17:39.763261,202.4
2025-11-30T21:17:40.761617,145.9
2025-11-30T21:17:41.773479,161.8
2025-11-30T21:17:41.783890,161.8
2025-11-30T21:17:42.512678,161.8
2025-11-30T21:17:43.786768,181
2025-11-30T21:17:43.794501,181
2025-11-30T21:17:44.759739,134.7
2025-11-30T21:17:45.832998,137.6
2025-11-30T21:17:47.779450,182.3
2025-11-30T21:17:47.785390,182.3
2025-11-30T21:17:48.760174,7.4
2025-11-30T21:17:49.757381,7.1
2025-11-30T21:17:52.535445,7
2025-11-30T21:17:53.802395,245.7
2025-11-30T21:17:53.808718,245.7
2025-11-30T21:17:54.755962,140
2025-11-30T21:17:55.793074,199.1
2025-11-30T21:17:55.800934,199.1
2025-11-30T21:17:56.756999,175.7
2025-11-30T21:17:57.773858,128.9
2025-11-30T21:17:57.781815,128.9
2025-11-30T21:17:58.755830,198.2
2025-11-30T21:17:59.792532,128.3
2025-11-30T21:17:59.971275,128.3
2025-11-30T21:18:00.757455,112.2
2025-11-30T21:18:01.775307,142.9
2025-11-30T21:18:01.781981,142.9
2025-11-30T21:18:02.510254,142.9
2025-11-30T21:18:02.755213,165.7
2025-11-30T21:18:03.758383,163.9
2025-11-30T21:18:04.760854,196.4
2025-11-30T21:18:05.801754,150.6
2025-11-30T21:18:05.807561,150.6
2025-11-30T21:18:06.754889,161.8
2025-11-30T21:18:09.847205,162
2025-11-30T21:18:10.757539,148.7
2025-11-30T21:18:11.805275,136.1
2025-11-30T21:18:11.811534,136.1
2025-11-30T21:18:12.508845,136.1
2025-11-30T21:18:12.754279,94.2
2025-11-30T21:18:13.770932,7
2025-11-30T21:18:13.813679,7
2025-11-30T21:18:17.833962,23.6
2025-11-30T21:18:17.841924,23.6
2025-11-30T21:18:18.754781,262
2025-11-30T21:18:19.771750,142.9
2025-11-30T21:18:19.777365,142.9
2025-11-30T21:18:21.767213,127
2025-11-30T21:18:21.775109,127
2025-11-30T21:18:22.508992,127
2025-11-30T21:18:22.756822,192.8
2025-11-30T21:18:23.770376,114.1
2025-11-30T21:18:23.775689,114.1
2025-11-30T21:18:24.753762,148.3
2025-11-30T21:18:25.753758,150
2025-11-30T21:18:26.758246,217.7
2025-11-30T21:18:27.825916,128.3
2025-11-30T21:18:27.832994,128.3
2025-11-30T21:18:28.753304,183.2
2025-11-30T21:18:29.769089,170.9
2025-11-30T21:18:29.774210,170.9
2025-11-30T21:18:30.756420,116.6
2025-11-30T21:18:31.758693,164.6
2025-11-30T21:18:32.510668,164.6
2025-11-30T21:18:32.752967,135.2
2025-11-30T21:18:33.754746,178.7
2025-11-30T21:18:34.755877,141.6
2025-11-30T21:18:35.757976,178.6
2025-11-30T21:18:36.760597,161.8
2025-11-30T21:18:37.767254,58
2025-11-30T21:18:37.772651,58
2025-11-30T21:18:38.752897,22.1
2025-11-30T21:18:39.766749,28.4
2025-11-30T21:18:39.773728,28.4
2025-11-30T21:18:41.752331,30.7
2025-11-30T21:18:42.517787,30.7
2025-11-30T21:18:45.819426,32.5
2025-11-30T21:18:52.539572,32.2
2025-11-30T21:19:00.024064,32.6
2025-11-30T21:19:02.575546,32.5
2025-11-30T21:19:12.610978,32.6
2025-11-30T21:19:22.545791,32.4
2025-11-30T21:19:22.757091,38.3
2025-11-30T21:19:23.753292,38.5
2025-11-30T21:19:25.766552,33.8
2025-11-30T21:19:25.771626,33.8
2025-11-30T21:19:26.755162,25.2
2025-11-30T21:19:31.871299,8.5
2025-11-30T21:19:31.878363,8.5
2025-11-30T21:19:32.508905,8.5
2025-11-30T21:19:32.765614,7
2025-11-30T21:19:33.770534,17.9
2025-11-30T21:19:33.776536,17.9
2025-11-30T21:19:34.770975,196.1
2025-11-30T21:19:35.799508,124.5
2025-11-30T21:19:35.808842,124.5
2025-11-30T21:19:36.779111,117.8
2025-11-30T21:19:37.768719,136.3
2025-11-30T21:19:37.776407,136.3
2025-11-30T21:19:39.777989,69
2025-11-30T21:19:39.785392,69
2025-11-30T21:19:40.769006,64.8
2025-11-30T21:19:41.803569,49.1
2025-11-30T21:19:41.811063,49.1
2025-11-30T21:19:42.537108,49.1
2025-11-30T21:19:42.752458,41.7
2025-11-30T21:19:43.771367,33.8
2025-11-30T21:19:43.777822,33.8
2025-11-30T21:19:44.756529,66.6
2025-11-30T21:19:45.768703,49.2
2025-11-30T21:19:45.776484,49.2
2025-11-30T21:19:46.763589,20.7
2025-11-30T21:19:47.768930,24.2
2025-11-30T21:19:47.774381,24.2
2025-11-30T21:19:48.758097,25.9
2025-11-30T21:19:50.755755,27.2
2025-11-30T21:19:51.781586,7.8
2025-11-30T21:19:51.787923,7.8
2025-11-30T21:19:52.509479,7.8
2025-11-30T21:19:55.839593,35
2025-11-30T21:19:55.845517,35
2025-11-30T21:19:56.757116,176.4
2025-11-30T21:19:57.772697,121.1
2025-11-30T21:19:57.778117,121.1
2025-11-30T21:19:59.773076,79.6
2025-11-30T21:19:59.780018,79.6
2025-11-30T21:19:59.973950,79.6
2025-11-30T21:20:00.759473,85.7
2025-11-30T21:20:01.776500,43.9
2025-11-30T21:20:01.782243,43.9
2025-11-30T21:20:02.544214,43.9
2025-11-30T21:20:03.768141,40.7
2025-11-30T21:20:03.795594,40.7
2025-11-30T21:20:06.785766,68.1
2025-11-30T21:20:07.856097,42.4
2025-11-30T21:20:08.751845,22.7
2025-11-30T21:20:09.769713,26.5
2025-11-30T21:20:09.774732,26.5
2025-11-30T21:20:10.754535,28.7
2025-11-30T21:20:11.758256,29.4
2025-11-30T21:20:12.508748,29.4
2025-11-30T21:20:13.774876,7.4
2025-11-30T21:20:13.780126,7.4
2025-11-30T21:20:16.830452,39.2
2025-11-30T21:20:17.769148,173.9
2025-11-30T21:20:17.774067,173.9
2025-11-30T21:20:18.757488,72.3
2025-11-30T21:20:19.769610,89.4
2025-11-30T21:20:19.775473,89.4
2025-11-30T21:20:20.759305,115.4
2025-11-30T21:20:21.769553,71.3
2025-11-30T21:20:21.774629,71.3
2025-11-30T21:20:22.510828,71.3
2025-11-30T21:20:22.759151,52.7
2025-11-30T21:20:23.769119,37
2025-11-30T21:20:23.774708,37
2025-11-30T21:20:24.754678,35
2025-11-30T21:20:26.763977,37.9
2025-11-30T21:20:27.773473,67.7
2025-11-30T21:20:27.778784,67.7
2025-11-30T21:20:28.755765,25
2025-11-30T21:20:29.774324,23.1
2025-11-30T21:20:29.779479,23.1
2025-11-30T21:20:30.758763,24.8
2025-11-30T21:20:32.524951,25.3
2025-11-30T21:20:32.754892,26.4
2025-11-30T21:20:33.767878,37.1
2025-11-30T21:20:33.774545,37.1
2025-11-30T21:20:34.758112,60.4
2025-11-30T21:20:35.773346,68.8
2025-11-30T21:20:35.837373,68.8
2025-11-30T21:20:36.756477,73.9
2025-11-30T21:20:37.771789,78.8
2025-11-30T21:20:37.776965,78.8
2025-11-30T21:20:38.758025,83.3
2025-11-30T21:20:39.770777,94.7
2025-11-30T21:20:39.775698,94.7
2025-11-30T21:20:41.769930,71.3
2025-11-30T21:20:41.814087,71.3
2025-11-30T21:20:42.510650,71.3
2025-11-30T21:20:42.757077,54.8
2025-11-30T21:20:43.771770,49.6
2025-11-30T21:20:43.779557,49.6
2025-11-30T21:20:44.778419,52.2
2025-11-30T21:20:45.798571,65.6
2025-11-30T21:20:45.804853,65.6
2025-11-30T21:20:46.758331,71.5
2025-11-30T21:20:47.839473,66
2025-11-30T21:20:48.784104,59.3
2025-11-30T21:20:49.769659,56.2
2025-11-30T21:20:49.778264,56.2
2025-11-30T21:20:50.758410,52.3
2025-11-30T21:20:52.522942,51.7
2025-11-30T21:21:00.047658,53
2025-11-30T21:21:02.698737,53.1
2025-11-30T21:21:03.805687,45.6
2025-11-30T21:21:03.811685,45.6
2025-11-30T21:21:04.757769,27.4
2025-11-30T21:21:05.774606,33.8
2025-11-30T21:21:05.782828,33.8
2025-11-30T21:21:06.755493,36.5
2025-11-30T21:21:07.757330,38.2
2025-11-30T21:21:08.757760,38.9
2025-11-30T21:21:12.530435,39.6
2025-11-30T21:21:22.565321,39.7
2025-11-30T21:21:22.755616,43
2025-11-30T21:21:23.770899,159.9
2025-11-30T21:21:23.778546,159.9
2025-11-30T21:21:24.790094,283.2
2025-11-30T21:21:25.790679,372.1
2025-11-30T21:21:25.833686,372.1
2025-11-30T21:21:26.775463,432.1
2025-11-30T21:21:27.789610,400
2025-11-30T21:21:27.800101,400
2025-11-30T21:21:28.810825,352.4
2025-11-30T21:21:29.770255,307.1
2025-11-30T21:21:29.777328,307.1
2025-11-30T21:21:30.759019,264.6
2025-11-30T21:21:31.778947,219.2
2025-11-30T21:21:31.784668,219.2
2025-11-30T21:21:32.537759,219.2
2025-11-30T21:21:32.755848,183.2
2025-11-30T21:21:33.773454,160.9
2025-11-30T21:21:33.816967,160.9
2025-11-30T21:21:34.757503,135.1
2025-11-30T21:21:35.774008,124.3
2025-11-30T21:21:35.782046,124.3
2025-11-30T21:21:36.756883,112.7
2025-11-30T21:21:37.768567,103.1
2025-11-30T21:21:37.775895,103.1
2025-11-30T21:21:39.773570,96.1
2025-11-30T21:21:39.812165,96.1
2025-11-30T21:21:41.768475,90.5
2025-11-30T21:21:41.773706,90.5
2025-11-30T21:21:42.509883,90.5
2025-11-30T21:21:42.790974,81.2
2025-11-30T21:21:43.773346,74.5
2025-11-30T21:21:43.778856,74.5
2025-11-30T21:21:44.764638,69.1
2025-11-30T21:21:45.791628,67.4
2025-11-30T21:21:46.765710,61.3
2025-11-30T21:21:47.795297,69.6
2025-11-30T21:21:47.837671,69.6
2025-11-30T21:21:48.802595,154.6
2025-11-30T21:21:49.773676,23
2025-11-30T21:21:49.795314,23
2025-11-30T21:21:52.569686,23
2025-11-30T21:21:54.792507,10.5
2025-11-30T21:21:55.770061,19.5
2025-11-30T21:21:55.775073,19.5
2025-11-30T21:21:56.756883,30.6
2025-11-30T21:21:57.802391,40.3
2025-11-30T21:21:57.808707,40.3
2025-11-30T21:21:59.973781,40
2025-11-30T21:22:02.606040,39.4
2025-11-30T21:22:08.859294,51.6
2025-11-30T21:22:09.806634,183.6
2025-11-30T21:22:09.849752,183.6
2025-11-30T21:22:10.799667,279
2025-11-30T21:22:11.831267,302.5
2025-11-30T21:22:11.838995,302.5
2025-11-30T21:22:12.544590,302.5
2025-11-30T21:22:12.775274,261.9
2025-11-30T21:22:13.757375,255.3
2025-11-30T21:22:14.757192,228.4
2025-11-30T21:22:15.769078,214.6
2025-11-30T21:22:15.774143,214.6
2025-11-30T21:22:18.791028,201.1
2025-11-30T21:22:19.761415,197.7
2025-11-30T21:22:22.676245,201.5
2025-11-30T21:22:26.778027,189.6
2025-11-30T21:22:31.797635,205.3
2025-11-30T21:22:32.509635,205.3
2025-11-30T21:22:35.790369,161.1
2025-11-30T21:22:36.785900,7.1
2025-11-30T21:22:37.755404,7
2025-11-30T21:22:41.832148,22.2
2025-11-30T21:22:41.873727,22.2
2025-11-30T21:22:42.531923,22.2
2025-11-30T21:22:42.788419,27.7
2025-11-30T21:22:43.758690,23.3
2025-11-30T21:22:49.920892,11.6
2025-11-30T21:22:49.926175,11.6
2025-11-30T21:22:51.817346,13.3
2025-11-30T21:22:51.854158,13.3
2025-11-30T21:22:52.512037,13.3
2025-11-30T21:22:55.964550,107.9
2025-11-30T21:22:55.971776,107.9
2025-11-30T21:22:56.758963,25.8
2025-11-30T21:22:57.795189,40.3
2025-11-30T21:22:57.801705,40.3
2025-11-30T21:22:58.802334,50.7
2025-11-30T21:22:59.771146,44.3
2025-11-30T21:22:59.777354,44.3
2025-11-30T21:22:59.967819,44.3
2025-11-30T21:23:00.759034,54.7
2025-11-30T21:23:01.754950,46.3
2025-11-30T21:23:02.510469,46.3
2025-11-30T21:23:03.772954,51.2
2025-11-30T21:23:03.813312,51.2
2025-11-30T21:23:04.759560,55.7
2025-11-30T21:23:05.761013,58
2025-11-30T21:23:07.755158,54.9
2025-11-30T21:23:08.756930,52.3
2025-11-30T21:23:09.781674,52
2025-11-30T21:23:11.767719,57.8
2025-11-30T21:23:11.772742,57.8
2025-11-30T21:23:12.509159,57.8
2025-11-30T21:23:13.756276,53.8
2025-11-30T21:23:14.762535,47.4
2025-11-30T21:23:15.776976,7.5
2025-11-30T21:23:15.804124,7.5
2025-11-30T21:23:19.822422,13
2025-11-30T21:23:19.827765,13
2025-11-30T21:23:20.755058,103.6
2025-11-30T21:23:21.778333,41.3
2025-11-30T21:23:21.783614,41.3
2025-11-30T21:23:22.509522,41.3
2025-11-30T21:23:22.754117,52.9
2025-11-30T21:23:23.754669,53.9
2025-11-30T21:23:24.800537,56.6
2025-11-30T21:23:27.811984,58
2025-11-30T21:23:29.756339,59.8
2025-11-30T21:23:30.783389,52.3
2025-11-30T21:23:31.767242,49.5
2025-11-30T21:23:31.809651,49.5
2025-11-30T21:23:32.512848,49.5
2025-11-30T21:23:32.754315,63.3
2025-11-30T21:23:33.780386,61.1
2025-11-30T21:23:35.772945,69.8
2025-11-30T21:23:35.786621,69.8
2025-11-30T21:23:36.768903,61.7
2025-11-30T21:23:37.767889,63.9
2025-11-30T21:23:38.762900,57
2025-11-30T21:23:39.755640,55.5
2025-11-30T21:23:40.771020,13.1
2025-11-30T21:23:41.765103,13.1
2025-11-30T21:23:42.528224,13.1
2025-11-30T21:23:44.810287,19.2
2025-11-30T21:23:45.770118,146.5
2025-11-30T21:23:45.778044,146.5
2025-11-30T21:23:46.759818,42.2
2025-11-30T21:23:47.815064,67.5
2025-11-30T21:23:47.821406,67.5
2025-11-30T21:23:48.775801,62.3
2025-11-30T21:23:49.769380,67.5
2025-11-30T21:23:49.775763,67.5
2025-11-30T21:23:52.585645,67.5
2025-11-30T21:23:52.753328,90.7
2025-11-30T21:23:53.766619,75.5
2025-11-30T21:23:53.772663,75.5
2025-11-30T21:23:56.794570,66.8
2025-11-30T21:23:57.754262,76.1
2025-11-30T21:23:58.757464,90.2
2025-11-30T21:23:59.767730,83.4
2025-11-30T21:23:59.773023,83.4
2025-11-30T21:24:00.003221,83.4
2025-11-30T21:24:02.519055,84.7
2025-11-30T21:24:02.750047,95.4
2025-11-30T21:24:03.754948,82.6
2025-11-30T21:24:04.754743,46.2
2025-11-30T21:24:05.766582,12.9
2025-11-30T21:24:05.773829,12.9
2025-11-30T21:24:09.794858,51.9
2025-11-30T21:24:09.799969,51.9
2025-11-30T21:24:10.754966,186.1
2025-11-30T21:24:11.773737,66.6
2025-11-30T21:24:11.779343,66.6
2025-11-30T21:24:12.506796,66.6
2025-11-30T21:24:12.776043,83
2025-11-30T21:24:13.769720,88.3
2025-11-30T21:24:13.778626,88.3
2025-11-30T21:24:14.757317,125.7
2025-11-30T21:24:15.776294,84.5
2025-11-30T21:24:16.759284,111.5
2025-11-30T21:24:17.771049,100
2025-11-30T21:24:17.776518,100
2025-11-30T21:24:22.589754,97.4
2025-11-30T21:24:22.754871,119.2
2025-11-30T21:24:23.753024,117.4
2025-11-30T21:24:25.759924,124.1
2025-11-30T21:24:27.774786,142.9
2025-11-30T21:24:27.780011,142.9
2025-11-30T21:24:28.772787,115.1
2025-11-30T21:24:29.769905,34.6
2025-11-30T21:24:29.776435,34.6
2025-11-30T21:24:30.780571,12.8
2025-11-30T21:24:31.754610,12.6
2025-11-30T21:24:32.507729,12.6
2025-11-30T21:24:34.783340,126.6
2025-11-30T21:24:35.768116,215.5
2025-11-30T21:24:35.775550,215.5
2025-11-30T21:24:36.779818,176.2
2025-11-30T21:24:37.769290,114.3
2025-11-30T21:24:37.813680,114.3
2025-11-30T21:24:38.754804,130.6
2025-11-30T21:24:39.778437,141.3
2025-11-30T21:24:39.787289,141.3
2025-11-30T21:24:40.754295,98
2025-11-30T21:24:41.768874,6.7
2025-11-30T21:24:41.773909,6.7
2025-11-30T21:24:42.507461,6.7
2025-11-30T21:24:46.765444,41.4
2025-11-30T21:24:47.769452,243.9
2025-11-30T21:24:47.778921,243.9
2025-11-30T21:24:48.780534,142.6
2025-11-30T21:24:49.757508,145.3
2025-11-30T21:24:50.754227,167.7
2025-11-30T21:24:51.809898,203.2
2025-11-30T21:24:51.815294,203.2
2025-11-30T21:24:52.510282,203.2
2025-11-30T21:24:52.751877,165.2
2025-11-30T21:24:53.765958,128.4
2025-11-30T21:24:53.773617,128.4
2025-11-30T21:24:54.778733,167.2
2025-11-30T21:24:55.753737,131.8
2025-11-30T21:24:56.753730,122.6
2025-11-30T21:24:57.784055,168
2025-11-30T21:24:57.790425,168
2025-11-30T21:24:58.757745,145.1
2025-11-30T21:24:59.755594,147.7
2025-11-30T21:24:59.966086,147.7
2025-11-30T21:25:00.806020,203.9
2025-11-30T21:25:01.764946,162
2025-11-30T21:25:01.770169,162
2025-11-30T21:25:02.510234,162
2025-11-30T21:25:03.778622,175.7
2025-11-30T21:25:03.785890,175.7
2025-11-30T21:25:05.764558,151
2025-11-30T21:25:05.809671,151
2025-11-30T21:25:06.777637,52.2
2025-11-30T21:25:07.767408,6.9
2025-11-30T21:25:07.772892,6.9
2025-11-30T21:25:11.776055,85.7
2025-11-30T21:25:11.787529,85.7
2025-11-30T21:25:12.654067,85.7
2025-11-30T21:25:12.803514,235.7
2025-11-30T21:25:13.769355,167
2025-11-30T21:25:13.790643,167
2025-11-30T21:25:14.781104,154.4
2025-11-30T21:25:15.753692,173.6
2025-11-30T21:25:17.753014,161.8
2025-11-30T21:25:19.770371,146.8
2025-11-30T21:25:19.776730,146.8
2025-11-30T21:25:21.771664,183.3
2025-11-30T21:25:21.813660,183.3
2025-11-30T21:25:22.559313,183.3
2025-11-30T21:25:22.752690,171.5
2025-11-30T21:25:23.769655,152.4
2025-11-30T21:25:23.778291,152.4
2025-11-30T21:25:25.771851,160.9
2025-11-30T21:25:25.781720,160.9
2025-11-30T21:25:27.771797,148.9
2025-11-30T21:25:27.778098,148.9
2025-11-30T21:25:28.795910,163.1
2025-11-30T21:25:29.813391,132.1
2025-11-30T21:25:29.821082,132.1
2025-11-30T21:25:30.752466,99.6
2025-11-30T21:25:31.763619,10.7
2025-11-30T21:25:31.768650,10.7
2025-11-30T21:25:32.505280,10.7
2025-11-30T21:25:32.775024,6.8
2025-11-30T21:25:36.836924,152
2025-11-30T21:25:37.764364,168
2025-11-30T21:25:37.809678,168
2025-11-30T21:25:38.752125,199.1
2025-11-30T21:25:39.782743,134.9
2025-11-30T21:25:39.787771,134.9
2025-11-30T21:25:40.756094,166.9
2025-11-30T21:25:41.764722,158.4
2025-11-30T21:25:41.769800,158.4
2025-11-30T21:25:42.505877,158.4
2025-11-30T21:25:42.784830,186.7
2025-11-30T21:25:43.764238,166.4
2025-11-30T21:25:43.769301,166.4
2025-11-30T21:25:45.783746,148
2025-11-30T21:25:45.788876,148
2025-11-30T21:25:46.750328,178.2
2025-11-30T21:25:47.768456,166.5
2025-11-30T21:25:47.776414,166.5
2025-11-30T21:25:48.784679,141.5
2025-11-30T21:25:49.750491,145.5
2025-11-30T21:25:50.754589,187.2
2025-11-30T21:25:51.787610,140.9
2025-11-30T21:25:52.505697,140.9
2025-11-30T21:25:54.857866,155
2025-11-30T21:25:56.749793,9.8
2025-11-30T21:25:57.783046,30.4
2025-11-30T21:25:57.789600,30.4
2025-11-30T21:25:59.962157,30.7
2025-11-30T21:26:01.750365,32.1
2025-11-30T21:26:02.505971,32.1
2025-11-30T21:26:12.567847,32.5
2025-11-30T21:26:22.604244,32.7
2025-11-30T21:26:32.741823,32.6
2025-11-30T21:26:36.883814,35.3
2025-11-30T21:26:37.762760,38.3
2025-11-30T21:26:37.769542,38.3
2025-11-30T21:26:39.754871,36.4
2025-11-30T21:26:40.749751,24.3
2025-11-30T21:26:41.752237,23.4
2025-11-30T21:26:42.534987,23.4
2025-11-30T21:26:45.853179,16.7
2025-11-30T21:26:45.897772,16.7
2025-11-30T21:26:46.753413,6.7
2025-11-30T21:26:47.748483,6.9
2025-11-30T21:26:48.751434,105.6
2025-11-30T21:26:49.763029,158.6
2025-11-30T21:26:49.769523,158.6
2025-11-30T21:26:50.753042,127.8
2025-11-30T21:26:51.765084,147.8
2025-11-30T21:26:51.772192,147.8
2025-11-30T21:26:52.503986,147.8
2025-11-30T21:26:52.744943,102.7
2025-11-30T21:26:53.767119,116.4
2025-11-30T21:26:53.774457,116.4
2025-11-30T21:26:54.752596,58.9
2025-11-30T21:26:55.770080,59.2
2025-11-30T21:26:56.749739,48.8
2025-11-30T21:26:57.766302,39.5
2025-11-30T21:26:57.772391,39.5
2025-11-30T21:26:58.789815,37.3
2025-11-30T21:26:59.769018,27.1
2025-11-30T21:26:59.775450,27.1
2025-11-30T21:26:59.968122,27.1
2025-11-30T21:27:00.747589,6.6
2025-11-30T21:27:01.770896,6.7
2025-11-30T21:27:02.501564,6.7
2025-11-30T21:27:03.766629,58.1
2025-11-30T21:27:03.772858,58.1
2025-11-30T21:27:04.771384,156.8
2025-11-30T21:27:05.762916,90.9
2025-11-30T21:27:05.772053,90.9
2025-11-30T21:27:06.749447,129.9
2025-11-30T21:27:07.770980,100.2
2025-11-30T21:27:07.776975,100.2
2025-11-30T21:27:08.783247,89.2
2025-11-30T21:27:09.762665,70.2
2025-11-30T21:27:09.768801,70.2
2025-11-30T21:27:10.769131,53.9
2025-11-30T21:27:11.763301,48.5
2025-11-30T21:27:11.769506,48.5
2025-11-30T21:27:12.501657,48.5
2025-11-30T21:27:12.793268,40.2
2025-11-30T21:27:13.766415,41.2
2025-11-30T21:27:14.774132,37.6
2025-11-30T21:27:15.778678,6.7
2025-11-30T21:27:15.786107,6.7
2025-11-30T21:27:17.768710,60.9
2025-11-30T21:27:17.775293,60.9
2025-11-30T21:27:18.749885,162.7
2025-11-30T21:27:19.761559,89.7
2025-11-30T21:27:19.767797,89.7
2025-11-30T21:27:20.750247,109.7
2025-11-30T21:27:21.760812,148.8
2025-11-30T21:27:21.765806,148.8
2025-11-30T21:27:22.504475,148.8
2025-11-30T21:27:22.745856,72.6
2025-11-30T21:27:23.762662,86.8
2025-11-30T21:27:23.768905,86.8
2025-11-30T21:27:24.755715,44.3
2025-11-30T21:27:25.747539,45.6
2025-11-30T21:27:26.747200,51.7
2025-11-30T21:27:27.759587,38.9
2025-11-30T21:27:27.766149,38.9
2025-11-30T21:27:28.751821,85
2025-11-30T21:27:29.761925,19.4
2025-11-30T21:27:29.773042,19.4
2025-11-30T21:27:30.748967,26.9
2025-11-30T21:27:31.763413,31.1
2025-11-30T21:27:31.770239,31.1
2025-11-30T21:27:32.500094,31.1
2025-11-30T21:27:33.747951,33.3
2025-11-30T21:27:34.747378,24
2025-11-30T21:27:35.759822,6.9
2025-11-30T21:27:35.801694,6.9
2025-11-30T21:27:38.794539,64.8
2025-11-30T21:27:39.762488,166.5
2025-11-30T21:27:39.770159,166.5
2025-11-30T21:27:40.791850,82.2
2025-11-30T21:27:41.766673,91.4
2025-11-30T21:27:41.774950,91.4
2025-11-30T21:27:42.504174,91.4
2025-11-30T21:27:42.748337,119.2
2025-11-30T21:27:43.768555,75.2
2025-11-30T21:27:43.775490,75.2
2025-11-30T21:27:44.752007,57.2
2025-11-30T21:27:45.761033,52
2025-11-30T21:27:45.767034,52
2025-11-30T21:27:46.771387,44.2
2025-11-30T21:27:47.759467,39.1
2025-11-30T21:27:47.770615,39.1
2025-11-30T21:27:48.746586,34.4
2025-11-30T21:27:49.769049,87
2025-11-30T21:27:49.775214,87
2025-11-30T21:27:50.747079,19.7
2025-11-30T21:27:51.759519,24.4
2025-11-30T21:27:51.765874,24.4
2025-11-30T21:27:52.499884,24.4
2025-11-30T21:27:52.766936,27.4
2025-11-30T21:27:53.760396,29
2025-11-30T21:27:53.767739,29
2025-11-30T21:27:55.770276,22.2
2025-11-30T21:27:55.782805,22.2
2025-11-30T21:27:56.747177,6.8
2025-11-30T21:27:57.750426,6.8
2025-11-30T21:27:59.764895,72.2
2025-11-30T21:27:59.777578,72.2
2025-11-30T21:27:59.990134,72.2
2025-11-30T21:28:00.746704,134.9
2025-11-30T21:28:01.775271,84.4
2025-11-30T21:28:01.785546,84.4
2025-11-30T21:28:02.499415,84.4
2025-11-30T21:28:02.748335,90.3
2025-11-30T21:28:03.759424,113.7
2025-11-30T21:28:03.768168,113.7
2025-11-30T21:28:04.773433,54.1
2025-11-30T21:28:05.758611,46.2
2025-11-30T21:28:05.764591,46.2
2025-11-30T21:28:06.748069,41.2
2025-11-30T21:28:07.771610,37.1
2025-11-30T21:28:07.778641,37.1
2025-11-30T21:28:08.743463,42
2025-11-30T21:28:09.761957,35.1
2025-11-30T21:28:09.768382,35.1
2025-11-30T21:28:10.772126,78.6
2025-11-30T21:28:11.760111,20.9
2025-11-30T21:28:11.765083,20.9
2025-11-30T21:28:12.499926,20.9
2025-11-30T21:28:12.774399,26.3
2025-11-30T21:28:13.772654,28.9
2025-11-30T21:28:13.778835,28.9
2025-11-30T21:28:16.786181,48.2
2025-11-30T21:28:17.765893,66.4
2025-11-30T21:28:17.773846,66.4
2025-11-30T21:28:18.744782,75.1
2025-11-30T21:28:19.773447,79.6
2025-11-30T21:28:19.779594,79.6
2025-11-30T21:28:20.745109,84.9
2025-11-30T21:28:21.756478,91.3
2025-11-30T21:28:21.762703,91.3
2025-11-30T21:28:22.497472,91.3
2025-11-30T21:28:22.770767,105.1
2025-11-30T21:28:23.754058,113.3
2025-11-30T21:28:23.759122,113.3
2025-11-30T21:28:24.744551,85.9
2025-11-30T21:28:25.768986,63.4
2025-11-30T21:28:25.776039,63.4
2025-11-30T21:28:26.744923,54.7
2025-11-30T21:28:27.757149,57.9
2025-11-30T21:28:27.762249,57.9
2025-11-30T21:28:28.766505,73.2
2025-11-30T21:28:29.743742,73.4
2025-11-30T21:28:31.770045,66
2025-11-30T21:28:31.775078,66
2025-11-30T21:28:32.496831,66
2025-11-30T21:28:32.742980,60.9
2025-11-30T21:28:38.801116,56.8
2025-11-30T21:28:39.742578,57.9
2025-11-30T21:28:42.582785,59.5
2025-11-30T21:28:46.786610,43.5
2025-11-30T21:28:47.757802,29.6
2025-11-30T21:28:47.801678,29.6
2025-11-30T21:28:48.745643,34.9
2025-11-30T21:28:49.767716,38.7
2025-11-30T21:28:49.773008,38.7
2025-11-30T21:28:50.743848,41
2025-11-30T21:28:51.742370,41.7
2025-11-30T21:28:52.502323,41.7
2025-11-30T21:29:00.126661,42
2025-11-30T21:29:02.550108,41.8
2025-11-30T21:29:05.832686,31.1
2025-11-30T21:29:05.837982,31.1
2025-11-30T21:29:06.743978,6.7
2025-11-30T21:29:07.772286,6.8
2025-11-30T21:29:09.759395,82.9
2025-11-30T21:29:09.764304,82.9
2025-11-30T21:29:10.769025,93.9
2025-11-30T21:29:11.755793,59.9
2025-11-30T21:29:11.765040,59.9
2025-11-30T21:29:12.495302,59.9
2025-11-30T21:29:12.741328,91.3
2025-11-30T21:29:13.774290,79.6
2025-11-30T21:29:13.817759,79.6
2025-11-30T21:29:14.740786,65.3
2025-11-30T21:29:15.759389,52.4
2025-11-30T21:29:15.766171,52.4
2025-11-30T21:29:16.763287,44
2025-11-30T21:29:17.745427,43.9
2025-11-30T21:29:18.744599,31.9
2025-11-30T21:29:19.757987,30.1
2025-11-30T21:29:19.763867,30.1
2025-11-30T21:29:20.747735,6.6
2025-11-30T21:29:21.741951,6.9
2025-11-30T21:29:22.495101,6.9
2025-11-30T21:29:22.744991,13.3
2025-11-30T21:29:23.756551,133.3
2025-11-30T21:29:23.763599,133.3
2025-11-30T21:29:24.743579,78
2025-11-30T21:29:25.741727,76
2025-11-30T21:29:27.756672,67.1
2025-11-30T21:29:27.762803,67.1
2025-11-30T21:29:28.744139,47.8
2025-11-30T21:29:29.759517,38.7
2025-11-30T21:29:29.766913,38.7
2025-11-30T21:29:30.741605,34.3
2025-11-30T21:29:31.742241,42.5
2025-11-30T21:29:32.496087,42.5
2025-11-30T21:29:32.742845,34.7
2025-11-30T21:29:33.754919,38.5
2025-11-30T21:29:33.763365,38.5
2025-11-30T21:29:34.742871,7.4
2025-11-30T21:29:35.744422,6.9
2025-11-30T21:29:37.754433,14
2025-11-30T21:29:37.761275,14
2025-11-30T21:29:38.743639,145.4
2025-11-30T21:29:39.756465,46.6
2025-11-30T21:29:39.763206,46.6
2025-11-30T21:29:40.744391,71.1
2025-11-30T21:29:41.758777,80.9
2025-11-30T21:29:41.768567,80.9
2025-11-30T21:29:42.498419,80.9
2025-11-30T21:29:42.745425,64.6
2025-11-30T21:29:43.754665,53.5
2025-11-30T21:29:43.762083,53.5
2025-11-30T21:29:44.744333,44.1
2025-11-30T21:29:45.760169,37.9
2025-11-30T21:29:45.767099,37.9
2025-11-30T21:29:46.740229,30.7
2025-11-30T21:29:47.740855,33.4
2025-11-30T21:29:48.742228,57.4
2025-11-30T21:29:49.758496,38.3
2025-11-30T21:29:49.764712,38.3
2025-11-30T21:29:50.740889,7
2025-11-30T21:29:51.742331,6.9
2025-11-30T21:29:52.494892,6.9
2025-11-30T21:29:53.757391,86.7
2025-11-30T21:29:53.764373,86.7
2025-11-30T21:29:54.739796,57.7
2025-11-30T21:29:55.754911,66
2025-11-30T21:29:55.762609,66
2025-11-30T21:29:56.740941,82.8
2025-11-30T21:29:57.743928,65.3
2025-11-30T21:29:58.740751,56.8
2025-11-30T21:29:59.755170,38.9
2025-11-30T21:29:59.761355,38.9
2025-11-30T21:30:00.013370,38.9
2025-11-30T21:30:00.739553,35.6
2025-11-30T21:30:01.753832,30.6
2025-11-30T21:30:01.760296,30.6
2025-11-30T21:30:02.493110,30.6
2025-11-30T21:30:02.740100,26.8
2025-11-30T21:30:03.745092,31.8
2025-11-30T21:30:04.741510,74.5
2025-11-30T21:30:05.752415,18.4
2025-11-30T21:30:05.796327,18.4
2025-11-30T21:30:06.744700,22
2025-11-30T21:30:07.753978,23.4
2025-11-30T21:30:07.763160,23.4
2025-11-30T21:30:10.857705,54.7
2025-11-30T21:30:11.752529,189.9
2025-11-30T21:30:11.769510,189.9
2025-11-30T21:30:12.496046,189.9
2025-11-30T21:30:12.739946,315.6
2025-11-30T21:30:13.841975,408.6
2025-11-30T21:30:13.885776,408.6
2025-11-30T21:30:16.168297,434.4
2025-11-30T21:30:16.343055,379.7
2025-11-30T21:30:16.349502,379.7
2025-11-30T21:30:16.870784,336.7
2025-11-30T21:30:17.774529,298.1
2025-11-30T21:30:17.783414,298.1
2025-11-30T21:30:18.740272,260.7
2025-11-30T21:30:19.758322,218.2
2025-11-30T21:30:19.763889,218.2
2025-11-30T21:30:20.739195,179.8
2025-11-30T21:30:21.754845,156.2
2025-11-30T21:30:21.762337,156.2
2025-11-30T21:30:22.492251,156.2
2025-11-30T21:30:22.737130,130.1
2025-11-30T21:30:23.768248,117.9
2025-11-30T21:30:23.773165,117.9
2025-11-30T21:30:24.739193,109.3
2025-11-30T21:30:25.752008,102.3
2025-11-30T21:30:25.760008,102.3
2025-11-30T21:30:26.737775,97.2
2025-11-30T21:30:27.742341,95.3
2025-11-30T21:30:29.763444,89.6
2025-11-30T21:30:29.769563,89.6
2025-11-30T21:30:30.736538,78.3
2025-11-30T21:30:31.749570,71.9
2025-11-30T21:30:31.754490,71.9
2025-11-30T21:30:32.492783,71.9
2025-11-30T21:30:32.737425,63.2
2025-11-30T21:30:33.736661,61.8
2025-11-30T21:30:34.738222,58.4
2025-11-30T21:30:35.771256,101.5
2025-11-30T21:30:35.777950,101.5
2025-11-30T21:30:36.738410,169.7
2025-11-30T21:30:37.751179,23.9
2025-11-30T21:30:37.757888,23.9
2025-11-30T21:30:42.594358,23.4
2025-11-30T21:30:42.736744,11.5
2025-11-30T21:30:43.755635,19.2
2025-11-30T21:30:43.764120,19.2
2025-11-30T21:30:44.739395,21.4
2025-11-30T21:30:45.754845,44.4
2025-11-30T21:30:45.764669,44.4
2025-11-30T21:30:46.737507,40.5
2025-11-30T21:30:52.527012,40
2025-11-30T21:30:57.755003,128.1
2025-11-30T21:30:57.763449,128.1
2025-11-30T21:30:58.738818,252.2
2025-11-30T21:30:59.750045,311.2
2025-11-30T21:30:59.755954,311.2
2025-11-30T21:31:00.011891,311.2
2025-11-30T21:31:00.735146,271.2
2025-11-30T21:31:01.753943,252.9
2025-11-30T21:31:01.759672,252.9
2025-11-30T21:31:02.497578,252.9
2025-11-30T21:31:02.743679,235.3
2025-11-30T21:31:03.749276,215.9
2025-11-30T21:31:03.754289,215.9
2025-11-30T21:31:05.749866,200.5
2025-11-30T21:31:05.756348,200.5
2025-11-30T21:31:12.596540,201.2
2025-11-30T21:31:15.776806,189.5
2025-11-30T21:31:18.749898,200.8
2025-11-30T21:31:22.529292,207.1
2025-11-30T21:31:22.744642,213.9
2025-11-30T21:31:23.734420,220
2025-11-30T21:31:24.736763,54.8
2025-11-30T21:31:25.747374,6.7
2025-11-30T21:31:25.754722,6.7
2025-11-30T21:31:30.828923,26.6
2025-11-30T21:31:31.734376,25.9
2025-11-30T21:31:32.496201,25.9
2025-11-30T21:31:32.735374,22.3
2025-11-30T21:31:38.854147,8.3
2025-11-30T21:31:39.785001,12.5
2025-11-30T21:31:39.792870,12.5
2025-11-30T21:31:42.599834,13
2025-11-30T21:31:47.828227,116.7
2025-11-30T21:31:47.833335,116.7
2025-11-30T21:31:48.734495,43.1
2025-11-30T21:31:49.747239,47.7
2025-11-30T21:31:49.755249,47.7
2025-11-30T21:31:52.531846,49.9
2025-11-30T21:31:52.734540,53.5
2025-11-30T21:31:53.737693,52.5
2025-11-30T21:31:54.734745,47.8
2025-11-30T21:31:55.745071,56
2025-11-30T21:31:55.751656,56
2025-11-30T21:31:57.746184,52.7
2025-11-30T21:31:57.789678,52.7
2025-11-30T21:31:59.732025,55.5
2025-11-30T21:32:00.007028,55.5
2025-11-30T21:32:01.749482,58.7
2025-11-30T21:32:01.756916,58.7
2025-11-30T21:32:02.488642,58.7
2025-11-30T21:32:02.732216,54.7
2025-11-30T21:32:04.731765,39.7
2025-11-30T21:32:05.747335,12.9
2025-11-30T21:32:05.755256,12.9
2025-11-30T21:32:12.499666,12.9
2025-11-30T21:32:12.735149,17.3
2025-11-30T21:32:13.746250,119.1
2025-11-30T21:32:13.751261,119.1
2025-11-30T21:32:14.733416,43.2
2025-11-30T21:32:15.746907,52
2025-11-30T21:32:15.753502,52
2025-11-30T21:32:16.733912,61.6
2025-11-30T21:32:17.733508,58.6
2025-11-30T21:32:19.745710,53.9
2025-11-30T21:32:19.752123,53.9
2025-11-30T21:32:20.731557,67.2
2025-11-30T21:32:21.747860,59.5
2025-11-30T21:32:21.752912,59.5
2025-11-30T21:32:22.489725,59.5
2025-11-30T21:32:22.739053,66.6
2025-11-30T21:32:23.732407,63.9
2025-11-30T21:32:25.746316,72.9
2025-11-30T21:32:25.751394,72.9
2025-11-30T21:32:26.733043,79.6
2025-11-30T21:32:27.744584,66.2
2025-11-30T21:32:27.754122,66.2
2025-11-30T21:32:29.746918,78.2
2025-11-30T21:32:29.752028,78.2
2025-11-30T21:32:30.732756,31.7
2025-11-30T21:32:31.749665,12.8
2025-11-30T21:32:31.756019,12.8
2025-11-30T21:32:32.485181,12.8
2025-11-30T21:32:39.027429,38.9
2025-11-30T21:32:39.746306,166.3
2025-11-30T21:32:39.751531,166.3
2025-11-30T21:32:40.731106,81.1
2025-11-30T21:32:41.743920,68.5
2025-11-30T21:32:41.750731,68.5
2025-11-30T21:32:42.485211,68.5
2025-11-30T21:32:42.732652,78.9
2025-11-30T21:32:43.745888,74.8
2025-11-30T21:32:43.752629,74.8
2025-11-30T21:32:44.732350,83.3
2025-11-30T21:32:45.730901,83.3
2025-11-30T21:32:46.729659,90.1
2025-11-30T21:32:47.729899,88.6
2025-11-30T21:32:48.731081,85.5
2025-11-30T21:32:50.737664,94.9
2025-11-30T21:32:51.735301,95.6
2025-11-30T21:32:52.483860,95.6
2025-11-30T21:32:52.728670,89
2025-11-30T21:32:53.744635,101.1
2025-11-30T21:32:53.789657,101.1
2025-11-30T21:32:55.744280,93.2
2025-11-30T21:32:55.750600,93.2
2025-11-30T21:32:56.732330,29.4
2025-11-30T21:32:57.744021,12.9
2025-11-30T21:32:57.750367,12.9
2025-11-30T21:33:00.005131,12.9
2025-11-30T21:33:02.573329,13
2025-11-30T21:33:04.733116,107
2025-11-30T21:33:05.746880,175.5
2025-11-30T21:33:05.754114,175.5
2025-11-30T21:33:06.732843,124.1
2025-11-30T21:33:07.745542,100.3
2025-11-30T21:33:07.752564,100.3
2025-11-30T21:33:08.730983,110
2025-11-30T21:33:09.736165,111.2
2025-11-30T21:33:10.729531,104.2
2025-11-30T21:33:11.730394,109.5
2025-11-30T21:33:12.482691,109.5
2025-11-30T21:33:12.727725,97.7
2025-11-30T21:33:13.742854,155.7
2025-11-30T21:33:13.748971,155.7
2025-11-30T21:33:14.728244,119.2
2025-11-30T21:33:15.746341,8
2025-11-30T21:33:15.753075,8
2025-11-30T21:33:16.727447,13
2025-11-30T21:33:17.731794,13
2025-11-30T21:33:22.541404,12.9
2025-11-30T21:33:24.800422,230.1
2025-11-30T21:33:25.741732,116.2
2025-11-30T21:33:25.785679,116.2
2025-11-30T21:33:26.729505,194.2
2025-11-30T21:33:27.743054,139.5
2025-11-30T21:33:27.748133,139.5
2025-11-30T21:33:28.728624,149.3
2025-11-30T21:33:30.730828,131.2
2025-11-30T21:33:31.740065,168.6
2025-11-30T21:33:31.745087,168.6
2025-11-30T21:33:32.481906,168.6
2025-11-30T21:33:32.726685,141.3
2025-11-30T21:33:33.726759,167.2
2025-11-30T21:33:34.734375,177.7
2025-11-30T21:33:35.741181,130.3
2025-11-30T21:33:35.749926,130.3
2025-11-30T21:33:36.726516,168.8
2025-11-30T21:33:37.740123,146.7
2025-11-30T21:33:37.745384,146.7
2025-11-30T21:33:38.726598,133
2025-11-30T21:33:39.726460,138.6
2025-11-30T21:33:41.739481,109.3
2025-11-30T21:33:41.746072,109.3
2025-11-30T21:33:42.481910,109.3
2025-11-30T21:33:42.726178,13.1
2025-11-30T21:33:43.732081,12.8
2025-11-30T21:33:49.887166,29.5
2025-11-30T21:33:49.893459,29.5
2025-11-30T21:33:50.727187,265.7
2025-11-30T21:33:51.741684,123.9
2025-11-30T21:33:51.746773,123.9
2025-11-30T21:33:52.482317,123.9
2025-11-30T21:33:53.739134,158.3
2025-11-30T21:33:53.781666,158.3
2025-11-30T21:33:55.740546,126.7
2025-11-30T21:33:55.750325,126.7
2025-11-30T21:33:56.728686,166.1
2025-11-30T21:33:57.730118,125.9
2025-11-30T21:33:58.725994,134.9
2025-11-30T21:33:59.739140,144.1
2025-11-30T21:33:59.745476,144.1
2025-11-30T21:33:59.998464,144.1
2025-11-30T21:34:00.725801,136
2025-11-30T21:34:01.738843,166
2025-11-30T21:34:01.743873,166
2025-11-30T21:34:02.480569,166
2025-11-30T21:34:02.725783,140.5
2025-11-30T21:34:03.738950,122.5
2025-11-30T21:34:03.743869,122.5
2025-11-30T21:34:04.729621,198.3
2025-11-30T21:34:05.738171,149.9
2025-11-30T21:34:05.743575,149.9
2025-11-30T21:34:06.726614,185.1
2025-11-30T21:34:07.738472,85.9
2025-11-30T21:34:07.743570,85.9
2025-11-30T21:34:08.729646,6.7
2025-11-30T21:34:09.777762,6.7
2025-11-30T21:34:12.511080,6.7
2025-11-30T21:34:16.818677,19
2025-11-30T21:34:17.739293,30.1
2025-11-30T21:34:17.745394,30.1
2025-11-30T21:34:20.812063,32.1
2025-11-30T21:34:22.479699,32.4
2025-11-30T21:34:32.684200,32.6
2025-11-30T21:34:42.514075,32.8
2025-11-30T21:34:52.548137,32.6
2025-11-30T21:34:58.725002,38.7
2025-11-30T21:34:59.723848,38.6
2025-11-30T21:35:00.000200,38.6
2025-11-30T21:35:01.735438,26.4
2025-11-30T21:35:01.740319,26.4
2025-11-30T21:35:02.481439,26.4
2025-11-30T21:35:02.719886,23.4
2025-11-30T21:35:05.763322,25.5
2025-11-30T21:35:06.721072,23.2
2025-11-30T21:35:07.736921,6.6
2025-11-30T21:35:07.742058,6.6
2025-11-30T21:35:09.740126,35.9
2025-11-30T21:35:09.748696,35.9
2025-11-30T21:35:10.724409,188.8
2025-11-30T21:35:11.735947,128.5
2025-11-30T21:35:11.740784,128.5
2025-11-30T21:35:12.478750,128.5
2025-11-30T21:35:12.727475,136.6
2025-11-30T21:35:13.735399,121
2025-11-30T21:35:13.743313,121
2025-11-30T21:35:14.721059,100.1
2025-11-30T21:35:15.733800,54.8
2025-11-30T21:35:15.738675,54.8
2025-11-30T21:35:16.722026,46.9
2025-11-30T21:35:17.817657,36.6
2025-11-30T21:35:17.861668,36.6
2025-11-30T21:35:19.736295,41.8
2025-11-30T21:35:19.872341,41.8
2025-11-30T21:35:20.741436,79.6
2025-11-30T21:35:21.738289,21.1
2025-11-30T21:35:21.743270,21.1
2025-11-30T21:35:22.477844,21.1
2025-11-30T21:35:22.727903,24.6
2025-11-30T21:35:23.735844,25.9
2025-11-30T21:35:23.740881,25.9
2025-11-30T21:35:26.755260,16.6
2025-11-30T21:35:27.737299,6.9
2025-11-30T21:35:27.743702,6.9
2025-11-30T21:35:30.751648,69.5
2025-11-30T21:35:31.741304,142.7
2025-11-30T21:35:31.748306,142.7
2025-11-30T21:35:32.476499,142.7
2025-11-30T21:35:32.722011,113.3
2025-11-30T21:35:33.794303,120.4
2025-11-30T21:35:33.837671,120.4
2025-11-30T21:35:35.733939,66.9
2025-11-30T21:35:35.739898,66.9
2025-11-30T21:35:36.725637,53.7
2025-11-30T21:35:37.733188,46.4
2025-11-30T21:35:37.738336,46.4
2025-11-30T21:35:38.720269,38.3
2025-11-30T21:35:39.720474,47.1
2025-11-30T21:35:40.719253,51.7
2025-11-30T21:35:42.487265,52.3
2025-11-30T21:35:42.723445,6.6
2025-11-30T21:35:43.721327,6.8
2025-11-30T21:35:44.722007,18.5
2025-11-30T21:35:45.740406,153.7
2025-11-30T21:35:45.747289,153.7
2025-11-30T21:35:46.721948,116.9
2025-11-30T21:35:47.737284,130.6
2025-11-30T21:35:47.742543,130.6
2025-11-30T21:35:49.734800,106.7
2025-11-30T21:35:49.777834,106.7
2025-11-30T21:35:50.720231,72.6
2025-11-30T21:35:51.737011,58.3
2025-11-30T21:35:51.743018,58.3
2025-11-30T21:35:52.474496,58.3
2025-11-30T21:35:52.720853,46.2
2025-11-30T21:35:53.721462,46.4
2025-11-30T21:35:54.718952,35.2
2025-11-30T21:35:55.736947,47.3
2025-11-30T21:35:55.741945,47.3
2025-11-30T21:35:56.718773,63.6
2025-11-30T21:35:57.732518,22.9
2025-11-30T21:35:57.737462,22.9
2025-11-30T21:35:58.720433,27.1
2025-11-30T21:35:59.722411,28
2025-11-30T21:35:59.992515,28
2025-11-30T21:36:00.720735,29.9
2025-11-30T21:36:02.474448,29.7
2025-11-30T21:36:02.720708,11.6
2025-11-30T21:36:03.735071,6.7
2025-11-30T21:36:03.741050,6.7
2025-11-30T21:36:05.732511,21.4
2025-11-30T21:36:05.777693,21.4
2025-11-30T21:36:06.722086,138.4
2025-11-30T21:36:07.734151,96.5
2025-11-30T21:36:07.740864,96.5
2025-11-30T21:36:09.722720,101
2025-11-30T21:36:10.734988,77.5
2025-11-30T21:36:11.719506,75.3
2025-11-30T21:36:12.477097,75.3
2025-11-30T21:36:12.722980,45
2025-11-30T21:36:13.748205,38.1
2025-11-30T21:36:13.753602,38.1
2025-11-30T21:36:14.724796,35.8
2025-11-30T21:36:15.719236,38.2
2025-11-30T21:36:16.739711,61.9
2025-11-30T21:36:17.733416,47.8
2025-11-30T21:36:17.741548,47.8
2025-11-30T21:36:18.718770,23.5
2025-11-30T21:36:19.748840,27
2025-11-30T21:36:19.753685,27
2025-11-30T21:36:20.720142,29.6
2025-11-30T21:36:21.735012,30.1
2025-11-30T21:36:22.473103,30.1
2025-11-30T21:36:22.735311,31.8
2025-11-30T21:36:23.732740,67.8
2025-11-30T21:36:23.737736,67.8
2025-11-30T21:36:24.720320,73.5
2025-11-30T21:36:25.744595,78.7
2025-11-30T21:36:25.750398,78.7
2025-11-30T21:36:26.718960,83.9
2025-11-30T21:36:27.735249,91.4
2025-11-30T21:36:27.742175,91.4
2025-11-30T21:36:28.737601,102.1
2025-11-30T21:36:29.736097,116.7
2025-11-30T21:36:29.741291,116.7
2025-11-30T21:36:31.747972,80.7
2025-11-30T21:36:31.754696,80.7
2025-11-30T21:36:32.473107,80.7
2025-11-30T21:36:32.719266,61.7
2025-11-30T21:36:33.732377,54.5
2025-11-30T21:36:33.737401,54.5
2025-11-30T21:36:34.741979,64.5
2025-11-30T21:36:35.733711,78.3
2025-11-30T21:36:35.739066,78.3
2025-11-30T21:36:36.724388,69.9
2025-11-30T21:36:37.745604,61.9
2025-11-30T21:36:37.750713,61.9
2025-11-30T21:36:38.718767,58.7
2025-11-30T21:36:40.720428,62.5
2025-11-30T21:36:42.474626,62.1
2025-11-30T21:36:52.665590,61.9
2025-11-30T21:36:53.734435,26.9
2025-11-30T21:36:53.740940,26.9
2025-11-30T21:36:54.720129,34.7
2025-11-30T21:36:55.735638,38.6
2025-11-30T21:36:55.741804,38.6
2025-11-30T21:36:56.728577,41.8
2025-11-30T21:36:57.718837,42
2025-11-30T21:37:00.043483,43
2025-11-30T21:37:02.474157,42.1
2025-11-30T21:37:12.530721,42.6
2025-11-30T21:37:12.719043,136.1
2025-11-30T21:37:13.738252,268.9
2025-11-30T21:37:13.746143,268.9
2025-11-30T21:37:14.722162,359.9
2025-11-30T21:37:15.734117,435.3
2025-11-30T21:37:15.738919,435.3
2025-11-30T21:37:16.725494,394
2025-11-30T21:37:17.736782,349.6
2025-11-30T21:37:17.742977,349.6
2025-11-30T21:37:18.720942,315.4
2025-11-30T21:37:19.736527,283.8
2025-11-30T21:37:19.742718,283.8
2025-11-30T21:37:20.722713,255.4
2025-11-30T21:37:21.733902,225.6
2025-11-30T21:37:21.777673,225.6
2025-11-30T21:37:22.473002,225.6
2025-11-30T21:37:22.720916,192.8
2025-11-30T21:37:23.740496,169.1
2025-11-30T21:37:23.748319,169.1
2025-11-30T21:37:24.722404,147.9
2025-11-30T21:37:25.742076,130.8
2025-11-30T21:37:25.748257,130.8
2025-11-30T21:37:26.722413,116
2025-11-30T21:37:27.718682,113.2
2025-11-30T21:37:28.721014,98.9
2025-11-30T21:37:29.737419,89.7
2025-11-30T21:37:29.744341,89.7
2025-11-30T21:37:31.736479,79.4
2025-11-30T21:37:31.743320,79.4
2025-11-30T21:37:32.471903,79.4
2025-11-30T21:37:33.736001,71.9
2025-11-30T21:37:33.742119,71.9
2025-11-30T21:37:34.724398,156.7
2025-11-30T21:37:35.735370,198.3
2025-11-30T21:37:35.745111,198.3
2025-11-30T21:37:36.719284,162.4
2025-11-30T21:37:37.736741,130.7
2025-11-30T21:37:37.742818,130.7
2025-11-30T21:37:38.723797,113
2025-11-30T21:37:39.734928,28.6
2025-11-30T21:37:39.741452,28.6
2025-11-30T21:37:40.719723,23.7
2025-11-30T21:37:41.725496,23.3
2025-11-30T21:37:42.474067,23.3
2025-11-30T21:37:44.794924,15.8
2025-11-30T21:37:45.721321,14.8
2025-11-30T21:37:46.721468,20.1
2025-11-30T21:37:47.736301,39.7
2025-11-30T21:37:47.744292,39.7
2025-11-30T21:37:48.718205,42.2
2025-11-30T21:37:49.721491,42.2
2025-11-30T21:37:52.674021,40.9
2025-11-30T21:37:59.747632,95.6
2025-11-30T21:37:59.769130,95.6
2025-11-30T21:37:59.992651,95.6
2025-11-30T21:38:00.722536,229.3
2025-11-30T21:38:01.735339,312.6
2025-11-30T21:38:01.741480,312.6
2025-11-30T21:38:02.474424,312.6
2025-11-30T21:38:03.735650,267.8
2025-11-30T21:38:03.743403,267.8
2025-11-30T21:38:05.736536,245.5
2025-11-30T21:38:05.781687,245.5
2025-11-30T21:38:06.718783,232.3
2025-11-30T21:38:07.724628,226
2025-11-30T21:38:09.720922,218.4
2025-11-30T21:38:12.539736,213.6
2025-11-30T21:38:13.735991,204.5
2025-11-30T21:38:13.744441,204.5
2025-11-30T21:38:14.721768,193.8
2025-11-30T21:38:17.870454,190.3
2025-11-30T21:38:22.677547,193.7
2025-11-30T21:38:24.730812,183.3
2025-11-30T21:38:26.726826,196.6
2025-11-30T21:38:27.727251,201.5
2025-11-30T21:38:28.727785,209.3
2025-11-30T21:38:31.801081,222.7
2025-11-30T21:38:31.809473,222.7
2025-11-30T21:38:32.473818,222.7
2025-11-30T21:38:35.790272,240.4
2025-11-30T21:38:35.795371,240.4
2025-11-30T21:38:40.811699,254.2
2025-11-30T21:38:41.725543,256.9
2025-11-30T21:38:42.474016,256.9
2025-11-30T21:38:44.801764,268
2025-11-30T21:38:47.882547,275.7
2025-11-30T21:38:49.727118,284.5
2025-11-30T21:38:51.721658,293.3
2025-11-30T21:38:52.476342,293.3
2025-11-30T21:38:53.723707,300.6
2025-11-30T21:39:00.075531,307.6
2025-11-30T21:39:01.740826,322.1
2025-11-30T21:39:01.747150,322.1
2025-11-30T21:39:02.474504,322.1
2025-11-30T21:39:09.790230,341.6
2025-11-30T21:39:09.797551,341.6
2025-11-30T21:39:12.548191,343.8
2025-11-30T21:39:22.480179,332.8
2025-11-30T21:39:27.812603,320.8
2025-11-30T21:39:27.821095,320.8
2025-11-30T21:39:29.718661,302.8
2025-11-30T21:39:31.718006,295.9
2025-11-30T21:39:32.477120,295.9
2025-11-30T21:39:33.744118,286.8
2025-11-30T21:39:35.717622,279.1
2025-11-30T21:39:37.718142,271
2025-11-30T21:39:39.717588,258.5
2025-11-30T21:39:42.551185,259.5
2025-11-30T21:39:42.723406,254.9
2025-11-30T21:39:45.731038,267.7
2025-11-30T21:39:52.484738,267.7
2025-11-30T21:39:53.734170,283.1
2025-11-30T21:39:53.739226,283.1
2025-11-30T21:40:00.082743,284.2
2025-11-30T21:40:02.479893,283.2
2025-11-30T21:40:12.555355,286
2025-11-30T21:40:17.887157,297.4
2025-11-30T21:40:21.771612,299.4
2025-11-30T21:40:22.547508,299.4
2025-11-30T21:40:32.524631,293.2
2025-11-30T21:40:39.799818,317.6
2025-11-30T21:40:39.804826,317.6
2025-11-30T21:40:42.558870,313.4
2025-11-30T21:40:52.492452,320.8
2025-11-30T21:40:57.823265,332.7
2025-11-30T21:40:58.715705,334.7
2025-11-30T21:40:59.994378,341.1
2025-11-30T21:41:02.528098,347.3
2025-11-30T21:41:02.718000,353.6
2025-11-30T21:41:03.718249,355.4
2025-11-30T21:41:10.022320,374
2025-11-30T21:41:12.563098,366.5
2025-11-30T21:41:15.742649,376.6
2025-11-30T21:41:19.737194,393.6
2025-11-30T21:41:22.496934,390.1
2025-11-30T21:41:25.777958,365.2
2025-11-30T21:41:27.730286,345
2025-11-30T21:41:27.738387,345
2025-11-30T21:41:30.796118,317.2
2025-11-30T21:41:31.717596,315
2025-11-30T21:41:32.482502,315
2025-11-30T21:41:40.729165,334.2
2025-11-30T21:41:42.472039,335.3
2025-11-30T21:41:43.715566,339.3
2025-11-30T21:41:52.500352,348
2025-11-30T21:42:00.088075,332.3
2025-11-30T21:42:02.472990,344.9
2025-11-30T21:42:07.763743,352
2025-11-30T21:42:09.718709,364.2
2025-11-30T21:42:11.715347,371.5
2025-11-30T21:42:12.475490,371.5
2025-11-30T21:42:20.768266,351.8
2025-11-30T21:42:22.470972,346.3
2025-11-30T21:42:23.729084,327.6
2025-11-30T21:42:23.734233,327.6
2025-11-30T21:42:30.802834,347.9
2025-11-30T21:42:31.715861,350.5
2025-11-30T21:42:32.481556,350.5
2025-11-30T21:42:42.573887,347
2025-11-30T21:42:48.736696,329.3
2025-11-30T21:42:49.739140,325.1
2025-11-30T21:42:52.507941,338.2
2025-11-30T21:42:53.732545,354
2025-11-30T21:42:53.773784,354
2025-11-30T21:43:00.091138,361
2025-11-30T21:43:02.541620,362.5
2025-11-30T21:43:12.475489,353.7
2025-11-30T21:43:22.510930,352.1
2025-11-30T21:43:26.818035,329
2025-11-30T21:43:31.739219,350.2
2025-11-30T21:43:32.467990,350.2
2025-11-30T21:43:42.479284,358.3
2025-11-30T21:43:52.515217,355.8
2025-11-30T21:43:59.994441,355.7
2025-11-30T21:44:02.549322,352.2
2025-11-30T21:44:05.833098,370.9
2025-11-30T21:44:08.800860,335.6
2025-11-30T21:44:12.481731,338.4
2025-11-30T21:44:14.731465,308.3
2025-11-30T21:44:15.716016,308.7
2025-11-30T21:44:22.532468,314.1
2025-11-30T21:44:23.749064,338.8
2025-11-30T21:44:23.754322,338.8
2025-11-30T21:44:32.552563,347.2
2025-11-30T21:44:38.804592,60.9
2025-11-30T21:44:39.727587,6.6
2025-11-30T21:44:39.732900,6.6
2025-11-30T21:44:42.485284,6.6
2025-11-30T21:44:44.710804,27.6
2025-11-30T21:44:45.725582,23.7
2025-11-30T21:44:45.732082,23.7
2025-11-30T21:44:52.623751,23.1
2025-11-30T21:45:00.003713,23.5
2025-11-30T21:45:02.555546,23.5
2025-11-30T21:45:06.762511,8
2025-11-30T21:45:07.725145,6.5
2025-11-30T21:45:07.730116,6.5
2025-11-30T21:45:12.488570,6.3
2025-11-30T21:45:13.723079,9.7
2025-11-30T21:45:13.728122,9.7
2025-11-30T21:45:14.710630,65.8
2025-11-30T21:45:15.724072,34.3
2025-11-30T21:45:15.734469,34.3
2025-11-30T21:45:16.710384,36.8
2025-11-30T21:45:17.711300,38
2025-11-30T21:45:18.714101,38.9
2025-11-30T21:45:21.812627,30.2
2025-11-30T21:45:21.817608,30.2
2025-11-30T21:45:22.464383,30.2
2025-11-30T21:45:22.710382,6.6
2025-11-30T21:45:23.708231,6.2
2025-11-30T21:45:29.739781,26.3
2025-11-30T21:45:29.746340,26.3
2025-11-30T21:45:30.712750,51.3
2025-11-30T21:45:31.727264,38
2025-11-30T21:45:31.735875,38
2025-11-30T21:45:32.462251,38
2025-11-30T21:45:33.727739,33.7
2025-11-30T21:45:33.733570,33.7
2025-11-30T21:45:36.763601,38
2025-11-30T21:45:37.723625,18.9
2025-11-30T21:45:37.728531,18.9
2025-11-30T21:45:38.711854,6.4
2025-11-30T21:45:39.707778,6.4
2025-11-30T21:45:42.492295,6.3
2025-11-30T21:45:45.774400,45.1
2025-11-30T21:45:45.781996,45.1
2025-11-30T21:45:46.711298,35.2
2025-11-30T21:45:47.733704,33.8
2025-11-30T21:45:52.629542,35.3
2025-11-30T21:45:52.703973,37.1
2025-11-30T21:45:53.736854,14.3
2025-11-30T21:45:53.741955,14.3
2025-11-30T21:45:54.707451,6.4
2025-11-30T21:45:55.714904,6.5
2025-11-30T21:46:00.008082,6.6
2025-11-30T21:46:01.721498,52
2025-11-30T21:46:01.729415,52
2025-11-30T21:46:02.463911,52
2025-11-30T21:46:02.710193,38.1
2025-11-30T21:46:03.726818,35.8
2025-11-30T21:46:03.769696,35.8
2025-11-30T21:46:06.771464,8.5
2025-11-30T21:46:07.725734,7.4
2025-11-30T21:46:07.732132,7.4
2025-11-30T21:46:09.717910,8.6
2025-11-30T21:46:10.706484,25.1
2025-11-30T21:46:11.706407,7.2
2025-11-30T21:46:12.463628,7.2
2025-11-30T21:46:22.633929,7.1
2025-11-30T21:46:32.461780,7
2025-11-30T21:46:33.912004,7.4
2025-11-30T21:46:35.102551,7.1
2025-11-30T21:46:36.854322,7.3
2025-11-30T21:46:38.403921,7
2025-11-30T21:46:39.912775,7.2
2025-11-30T21:46:41.204889,7.5
2025-11-30T21:46:42.982144,7.3
2025-11-30T21:46:44.113820,7.6
2025-11-30T21:46:45.534288,7.2
2025-11-30T21:46:46.912700,7.1
2025-11-30T21:46:48.602199,7.4
2025-11-30T21:46:50.355100,7
2025-11-30T21:46:51.903412,6.9
2025-11-30T21:46:53.624890,7.3
2025-11-30T21:46:55.112238,7.2
2025-11-30T21:46:56.754002,7.6
2025-11-30T21:46:58.421900,7.4
2025-11-30T21:46:59.903221,6.8
2025-11-30T21:47:01.244908,7.5
2025-11-30T21:47:02.912700,6.9
2025-11-30T21:47:04.221789,7.1
2025-11-30T21:47:05.903411,7.2
2025-11-30T21:47:07.641889,7.6
2025-11-30T21:47:09.002134,7.3
2025-11-30T21:47:10.784920,7.4
2025-11-30T21:47:12.325699,7.1
2025-11-30T21:47:13.913457,7.5
2025-11-30T21:47:15.501200,6.9
2025-11-30T21:47:16.984500,7
2025-11-30T21:47:18.612311,7.6
2025-11-30T21:47:20.144820,7.3
2025-11-30T21:47:21.804511,7.2
2025-11-30T21:47:23.322700,6.8
2025-11-30T21:47:24.903201,7.3
2025-11-30T21:47:26.501889,7.4
2025-11-30T21:47:28.024480,7.2
2025-11-30T21:47:29.766500,7.5
2025-11-30T21:47:31.185299,7
2025-11-30T21:47:32.903477,7.1
2025-11-30T21:47:34.566711,7.4
2025-11-30T21:47:35.984522,7.3
2025-11-30T21:47:37.602945,7.6
2025-11-30T21:47:39.122344,7.5
2025-11-30T21:47:40.895220,7.1
2025-11-30T21:47:42.302911,7.2
2025-11-30T21:47:43.903421,7.3
2025-11-30T21:47:45.566711,6.9
2025-11-30T21:47:47.121234,7.4
2025-11-30T21:47:48.744520,7.2
2025-11-30T21:47:50.421099,7.5
2025-11-30T21:47:52.102940,7.3
2025-11-30T21:47:53.612299,7.1
2025-11-30T21:47:55.334499,7.6
2025-11-30T21:47:56.912700,6.9
2025-11-30T21:47:58.403228,7
2025-11-30T21:47:59.966711,7.3
2025-11-30T21:48:01.522800,7.4
2025-11-30T21:48:03.133900,7.2
2025-11-30T21:48:04.822900,7.5
2025-11-30T21:48:06.244508,7.3
2025-11-30T21:48:07.933211,7.1
2025-11-30T21:48:09.422900,7.6
2025-11-30T21:48:11.004400,7
2025-11-30T21:48:12.633500,7.2
2025-11-30T21:48:14.101200,7.4
2025-11-30T21:48:15.754922,7.3
2025-11-30T21:48:17.202811,7.5
2025-11-30T21:48:18.944600,7.2
2025-11-30T21:48:20.511299,6.8
2025-11-30T21:48:22.188099,7.4
2025-11-30T21:48:23.722300,7.2
2025-11-30T21:48:25.481500,7.6
2025-11-30T21:48:27.044300,7.4
2025-11-30T21:48:28.622899,7.1
2025-11-30T21:48:30.282911,7.5
2025-11-30T21:48:31.754500,7.2
2025-11-30T21:48:33.204900,7.3
2025-11-30T21:48:34.855722,7.1
2025-11-30T21:48:36.322800,7
2025-11-30T21:48:38.054477,7.4
2025-11-30T21:48:39.702900,7.6
2025-11-30T21:48:41.166311,7.2
2025-11-30T21:48:42.754780,7.3
2025-11-30T21:48:44.204990,6.9
2025-11-30T21:48:45.944300,7.1
2025-11-30T21:48:47.522911,7.4
2025-11-30T21:48:49.188400,7.3
2025-11-30T21:48:50.903221,7.5
2025-11-30T21:48:52.521800,7.2
2025-11-30T21:48:54.133299,7
2025-11-30T21:48:55.704900,7.6
2025-11-30T21:48:57.222811,7.4
2025-11-30T21:48:58.802300,7.3
2025-11-30T21:48:60.422900,7.1
2025-11-30T21:49:02.033800,7.2
2025-11-30T21:49:03.712411,7.4
2025-11-30T21:49:05.255322,7.3
